Master_Rec,zone_id,hour,Day,Hours,Latitude,Longitude
300678500,3,20,Friday,20,35.204234,-89.85574
300696751,5,7,Thursday,7,35.261696,-89.855934
300696752,8,11,Thursday,11,35.205854,-89.791941
300696753,8,16,Thursday,16,35.207362,-89.814548
300696754,4,16,Thursday,16,35.204141,-89.869517
300696756,3,22,Thursday,22,35.199799,-89.839549
300696781,6,10,Friday,10,35.241091,-89.793024
300697000,3,17,Friday,17,35.200516,-89.83937
300697000,3,17,Friday,17,35.200516,-89.83937
300697407,3,12,Saturday,12,35.20486,-89.8403
300697408,1,15,Thursday,15,35.212994,-89.8144
300697408,1,15,Thursday,15,35.212994,-89.8144
300697408,1,15,Thursday,15,35.212994,-89.8144
300697408,1,15,Thursday,15,35.212994,-89.8144
300697476,6,6,Monday,6,35.2603,-89.80578
300698495,4,16,Monday,16,35.204616,-89.865195
300698499,1,0,Sunday,0,35.22057,-89.793304
300698500,6,21,Tuesday,21,35.262485,-89.800956
300698502,3,13,Wednesday,13,35.19326,-89.848915
300698503,6,13,Wednesday,13,35.234925,-89.811827
300698504,3,16,Wednesday,16,35.204873,-89.834971
300698504,3,16,Wednesday,16,35.204873,-89.834971
300698505,4,8,Thursday,8,35.20466,-89.84803
300698506,4,9,Thursday,9,35.228481,-89.865119
300698507,4,19,Thursday,19,35.20467,-89.865036
300698507,4,19,Thursday,19,35.20467,-89.865036
300698510,4,19,Thursday,19,35.204613,-89.85631
300698989,4,9,Friday,9,35.21094,-89.884278
300698990,2,20,Thursday,20,35.228987,-89.83632
300698997,3,11,Friday,11,35.204358,-89.864284
300699005,3,16,Saturday,16,35.204784,-89.86115
300699006,7,15,Saturday,15,35.224789,-89.772195
300699009,3,12,Friday,12,35.204761,-89.877181
300699261,5,15,Saturday,15,35.241748,-89.837514
300699261,5,15,Saturday,15,35.241748,-89.837514
300699262,4,2,Sunday,2,35.21736,-89.863106
300699275,8,7,Monday,7,35.218312,-89.863114
300699275,8,7,Monday,7,35.218312,-89.863114
300699334,4,21,Saturday,21,35.215565,-89.87118
300699783,3,15,Tuesday,15,35.204123,-89.86864
300700737,3,13,Wednesday,13,35.200894,-89.83967
300700737,3,13,Wednesday,13,35.200894,-89.83967
300700738,4,17,Wednesday,17,35.212906,-89.868228
300700738,4,17,Wednesday,17,35.212906,-89.868228
300700739,5,12,Thursday,12,35.256967,-89.850231
300700774,1,10,Friday,10,35.214783,-89.82495
300700776,5,14,Friday,14,35.244388,-89.843014
300700779,4,15,Friday,15,35.204807,-89.85738
300700780,4,13,Saturday,13,35.20715,-89.87359
300700781,4,8,Sunday,8,35.205112,-89.848062
300701030,4,15,Thursday,15,35.226524,-89.84682
300701031,2,13,Friday,13,35.205252,-89.838836
300701033,2,13,Sunday,13,35.216976,-89.84417
300701036,1,10,Monday,10,35.21681,-89.807982
300701036,1,10,Monday,10,35.21681,-89.807982
300701036,1,10,Monday,10,35.21681,-89.807982
300701036,1,10,Monday,10,35.21681,-89.807982
300701754,3,12,Wednesday,12,35.205027,-89.839892
300701755,3,22,Wednesday,22,35.204952,-89.84067
300701756,1,13,Wednesday,13,35.21281,-89.814705
300701756,1,13,Wednesday,13,35.21281,-89.814705
300701756,1,13,Wednesday,13,35.21281,-89.814705
300701756,1,13,Wednesday,13,35.21281,-89.814705
300701792,3,12,Thursday,12,35.222645,-89.816628
300701985,3,17,Thursday,17,35.190573,-89.869252
300701986,4,5,Friday,5,35.21724,-89.86299
300702902,5,0,Wednesday,0,35.233756,-89.854126
300702905,3,12,Friday,12,35.190567,-89.86497
300702906,8,12,Saturday,12,35.205322,-89.77767
300702906,8,12,Saturday,12,35.205322,-89.77767
300702934,6,7,Tuesday,7,35.238789,-89.793181
300703172,2,13,Wednesday,13,35.217086,-89.842359
300703409,8,12,Wednesday,12,35.205327,-89.802289
300703410,3,17,Friday,17,35.200483,-89.868533
300703461,3,9,Tuesday,9,35.20385,-89.835722
300703462,3,8,Thursday,8,35.204714,-89.863223
300703463,3,9,Thursday,9,35.204234,-89.85574
300705576,3,17,Thursday,17,35.199867,-89.867874
300791225,2,7,Friday,7,35.206874,-89.84063
300791225,2,7,Friday,7,35.206874,-89.84063
300791227,6,18,Friday,18,35.237827,-89.79353
300791227,6,18,Friday,18,35.237827,-89.79353
300791227,6,18,Friday,18,35.237827,-89.79353
300791227,6,18,Friday,18,35.237827,-89.79353
300791228,1,12,Saturday,12,35.223063,-89.811842
300791228,1,12,Saturday,12,35.223063,-89.811842
300791807,8,17,Friday,17,35.204975,-89.80854
300792226,1,17,Wednesday,17,35.236761,-89.795336
300792227,1,12,Wednesday,12,35.207465,-89.814472
300792232,4,7,Thursday,7,35.217481,-89.876782
300792239,1,8,Thursday,8,35.231247,-89.80816
300792243,4,14,Thursday,14,35.204734,-89.864254
300792243,4,14,Thursday,14,35.204734,-89.864254
300792969,4,13,Friday,13,35.204762,-89.861017
300792971,2,19,Thursday,19,35.21733,-89.84368
300792972,3,2,Saturday,2,35.20524,-89.836334
300792973,2,13,Saturday,13,35.208406,-89.840591
300792974,4,8,Sunday,8,35.204956,-89.864252
300792974,4,8,Sunday,8,35.204956,-89.864252
300792975,2,14,Sunday,14,35.205343,-89.838005
300792978,4,16,Sunday,16,35.221172,-89.863945
300792978,4,16,Sunday,16,35.221172,-89.863945
300792979,5,20,Sunday,20,35.241093,-89.837715
300792979,5,20,Sunday,20,35.241093,-89.837715
300793234,1,18,Monday,18,35.230244,-89.80895
300793753,6,3,Thursday,3,35.23922,-89.79346
300793754,5,12,Tuesday,12,35.241136,-89.837706
300793754,5,12,Tuesday,12,35.241136,-89.837706
300793763,8,15,Tuesday,15,35.20638,-89.79126
300793764,7,7,Wednesday,7,35.240469,-89.768201
300793765,1,17,Wednesday,17,35.214446,-89.825199
300793768,3,8,Thursday,8,35.204727,-89.862335
300793769,2,11,Thursday,11,35.206439,-89.840598
300794676,3,14,Thursday,14,35.200676,-89.839491
300794676,3,14,Thursday,14,35.200676,-89.839491
300794677,4,15,Thursday,15,35.204602,-89.857327
300794680,5,21,Thursday,21,35.258443,-89.866607
300794681,2,15,Friday,15,35.229088,-89.836343
300794682,1,11,Saturday,11,35.219449,-89.820179
300794685,5,18,Sunday,18,35.235234,-89.86239
300794686,4,7,Monday,7,35.20504,-89.864221
300794746,6,1,Sunday,1,35.267268,-89.787682
300794749,6,7,Monday,7,35.26195,-89.80985
300795184,6,8,Thursday,8,35.245903,-89.771923
300795190,2,16,Tuesday,16,35.206123,-89.840576
300795461,3,14,Wednesday,14,35.20002,-89.868109
300795462,8,15,Wednesday,15,35.204803,-89.77771
300795462,8,15,Wednesday,15,35.204803,-89.77771
300795713,3,14,Monday,14,35.199048,-89.868586
300795713,3,14,Monday,14,35.199048,-89.868586
300795715,6,11,Thursday,11,35.262244,-89.820759
300795718,6,15,Thursday,15,35.261514,-89.783773
300796422,7,22,Monday,22,35.213383,-89.77728
300796424,3,17,Thursday,17,35.204124,-89.87018
300796425,5,18,Thursday,18,35.256992,-89.83362
300796426,4,18,Thursday,18,35.217961,-89.862982
300796426,4,18,Thursday,18,35.217961,-89.862982
300796427,5,6,Friday,6,35.261914,-89.822201
300796428,6,9,Friday,9,35.24059,-89.793396
300796437,3,21,Friday,21,35.190634,-89.867829
300797329,6,18,Tuesday,18,35.255714,-89.810425
300797330,1,11,Wednesday,11,35.231963,-89.807107
300797333,4,15,Wednesday,15,35.21962,-89.881935
300798335,2,14,Thursday,14,35.220203,-89.8195
300798336,1,12,Thursday,12,35.234455,-89.80323
300798337,4,14,Thursday,14,35.218872,-89.868065
300798338,8,13,Thursday,13,35.204811,-89.802316
300798338,8,13,Thursday,13,35.204811,-89.802316
300798600,2,19,Thursday,19,35.217014,-89.83613
300798601,3,12,Saturday,12,35.204861,-89.877623
300798603,8,12,Friday,12,35.204578,-89.784838
300798605,2,21,Friday,21,35.20755,-89.840675
300798608,2,14,Saturday,14,35.205326,-89.838024
300803943,2,13,Tuesday,13,35.215833,-89.85301
300803944,6,13,Wednesday,13,35.248464,-89.772475
300877383,2,13,Saturday,13,35.204732,-89.847172
300877384,2,17,Saturday,17,35.205077,-89.839506
300877385,2,11,Sunday,11,35.222365,-89.825762
300877385,2,11,Sunday,11,35.222365,-89.825762
300877393,2,14,Saturday,14,35.215914,-89.836326
300877394,7,9,Sunday,9,35.213071,-89.768896
300877397,3,21,Sunday,21,35.204762,-89.840416
300877440,2,11,Monday,11,35.205496,-89.836041
300879103,1,14,Monday,14,35.229423,-89.810101
300879103,1,14,Monday,14,35.229423,-89.810101
300879104,1,16,Monday,16,35.222222,-89.811996
300879105,2,10,Monday,10,35.204659,-89.843519
300879109,4,16,Monday,16,35.204538,-89.865626
300879126,2,12,Tuesday,12,35.204853,-89.840597
300879127,4,18,Saturday,18,35.213017,-89.86327
300879130,2,15,Tuesday,15,35.205504,-89.835349
300879131,1,16,Tuesday,16,35.232288,-89.806446
300879132,5,14,Saturday,14,35.252777,-89.847595
300879144,2,14,Friday,14,35.219339,-89.825937
300879149,4,17,Thursday,17,35.20471,-89.787698
300879162,4,16,Thursday,16,35.218676,-89.867856
300880110,7,13,Thursday,13,35.218242,-89.791761
300880111,6,16,Wednesday,16,35.248956,-89.825494
300880123,1,11,Tuesday,11,35.205468,-89.834395
300880123,1,11,Tuesday,11,35.205468,-89.834395
300880124,4,7,Tuesday,7,35.218914,-89.86792
300880126,5,7,Friday,7,35.259026,-89.834702
300880129,8,3,Friday,3,35.21196,-89.81471
300880130,1,6,Friday,6,35.223775,-89.813411
300880131,4,13,Friday,13,35.204741,-89.861891
300880135,8,15,Friday,15,35.206796,-89.791794
300880136,4,17,Friday,17,35.204762,-89.863154
300880137,6,17,Friday,17,35.23608,-89.81772
300880583,7,5,Friday,5,35.211271,-89.777703
300880585,1,6,Sunday,6,35.216723,-89.809058
300880592,3,18,Saturday,18,35.204658,-89.864203
300880592,3,18,Saturday,18,35.204658,-89.864203
300880594,8,21,Saturday,21,35.205263,-89.792027
300880595,2,23,Wednesday,23,35.204777,-89.847114
300880596,5,5,Saturday,5,35.262151,-89.858265
300881491,5,17,Monday,17,35.241957,-89.8304
300881492,3,8,Monday,8,35.204581,-89.856138
300881501,1,12,Tuesday,12,35.205385,-89.834504
300881501,1,12,Tuesday,12,35.205385,-89.834504
300881506,3,15,Wednesday,15,35.20249,-89.857297
300881507,6,18,Tuesday,18,35.237534,-89.793413
300881507,6,18,Tuesday,18,35.237534,-89.793413
300881508,3,10,Wednesday,10,35.200479,-89.839383
300881508,3,10,Wednesday,10,35.200479,-89.839383
300881513,3,16,Thursday,16,35.193442,-89.84664
300881518,1,23,Saturday,23,35.206085,-89.802341
300881519,1,13,Thursday,13,35.216808,-89.808117
300881519,1,13,Thursday,13,35.216808,-89.808117
300881519,1,13,Thursday,13,35.216808,-89.808117
300881519,1,13,Thursday,13,35.216808,-89.808117
300882137,3,0,Monday,0,35.192667,-89.862011
300882148,3,14,Friday,14,35.195414,-89.844946
300882149,6,1,Thursday,1,35.260934,-89.765855
300882151,4,20,Tuesday,20,35.213187,-89.879114
300882223,1,19,Friday,19,35.227123,-89.808293
300882224,1,9,Tuesday,9,35.205311,-89.834128
300882224,1,9,Tuesday,9,35.205311,-89.834128
300883756,3,11,Sunday,11,35.200531,-89.839384
300883756,3,11,Sunday,11,35.200531,-89.839384
300883759,6,14,Saturday,14,35.258285,-89.792693
300883808,4,14,Thursday,14,35.206706,-89.857159
300883809,4,15,Thursday,15,35.226596,-89.84661
300883813,6,11,Thursday,11,35.234528,-89.803327
300883815,1,6,Tuesday,6,35.214492,-89.825175
300883817,3,15,Tuesday,15,35.199888,-89.867961
300883819,5,5,Sunday,5,35.260295,-89.822364
300883820,2,19,Thursday,19,35.229116,-89.836333
300883821,4,20,Friday,20,35.228632,-89.845315
300883821,4,20,Friday,20,35.228632,-89.845315
300883822,4,2,Sunday,2,35.204124,-89.870284
300884665,2,13,Monday,13,35.204896,-89.840395
300886949,3,9,Monday,9,35.204877,-89.840553
300886952,6,16,Friday,16,35.248715,-89.812966
300886952,6,16,Friday,16,35.248715,-89.812966
300728575,6,4,Sunday,4,35.254086,-89.76709
300729024,4,17,Sunday,17,35.204315,-89.86853
300729025,2,12,Monday,12,35.209301,-89.830456
300729032,3,14,Sunday,14,35.19357,-89.869191
300729033,1,15,Monday,15,35.214461,-89.825235
300729034,6,15,Monday,15,35.237074,-89.79459
300729035,3,14,Tuesday,14,35.200369,-89.839353
300729035,3,14,Tuesday,14,35.200369,-89.839353
300729036,4,20,Tuesday,20,35.233437,-89.84871
300729285,8,16,Tuesday,16,35.204555,-89.78488
300729287,8,14,Wednesday,14,35.216348,-89.791705
300729367,6,6,Thursday,6,35.247904,-89.81951
300729567,3,17,Thursday,17,35.204857,-89.87827
300729625,2,13,Tuesday,13,35.216675,-89.836176
300730100,5,14,Friday,14,35.258556,-89.830995
300730103,2,17,Friday,17,35.222798,-89.835784
300730104,8,13,Saturday,13,35.204831,-89.791994
300730104,8,13,Saturday,13,35.204831,-89.791994
300730106,5,15,Saturday,15,35.24237,-89.85865
300730326,5,16,Sunday,16,35.258168,-89.864876
300730398,3,14,Sunday,14,35.193682,-89.846454
300730399,4,15,Sunday,15,35.213265,-89.873266
300730539,4,18,Monday,18,35.20583,-89.85724
300730540,4,1,Tuesday,1,35.22555,-89.86553
300731066,4,6,Tuesday,6,35.219353,-89.87515
300731085,7,7,Wednesday,7,35.24044,-89.772125
300731304,3,14,Thursday,14,35.204723,-89.84093
300731305,7,21,Wednesday,21,35.24153,-89.772022
300731306,4,13,Thursday,13,35.207096,-89.87079
300731306,4,13,Thursday,13,35.207096,-89.87079
300731310,2,21,Thursday,21,35.237118,-89.83774
300731312,6,23,Thursday,23,35.260874,-89.822388
300732069,3,12,Friday,12,35.204723,-89.85981
300732070,4,14,Friday,14,35.210808,-89.87052
300732071,5,7,Thursday,7,35.25715,-89.833224
300732071,5,7,Thursday,7,35.25715,-89.833224
300732076,4,14,Friday,14,35.221325,-89.863714
300732076,4,14,Friday,14,35.221325,-89.863714
300732082,1,20,Saturday,20,35.212994,-89.814568
300732082,1,20,Saturday,20,35.212994,-89.814568
300732082,1,20,Saturday,20,35.212994,-89.814568
300732082,1,20,Saturday,20,35.212994,-89.814568
300732341,6,15,Monday,15,35.229393,-89.80987
300732660,4,12,Tuesday,12,35.20454,-89.84508
300732947,2,10,Monday,10,35.216974,-89.836157
300732948,2,13,Wednesday,13,35.205164,-89.840595
300732949,2,15,Wednesday,15,35.204954,-89.840573
300732950,3,15,Wednesday,15,35.20451,-89.86217
300732954,6,21,Wednesday,21,35.259604,-89.811381
300733716,2,13,Wednesday,13,35.21696,-89.835897
300733718,6,15,Friday,15,35.26371,-89.768616
300733719,3,16,Friday,16,35.204724,-89.860386
300733870,2,10,Saturday,10,35.205432,-89.835954
300734134,3,16,Monday,16,35.2045,-89.87387
300734135,6,20,Monday,20,35.25136,-89.79325
300734136,5,21,Monday,21,35.26489,-89.851364
300734497,7,10,Wednesday,10,35.237554,-89.793274
300734497,7,10,Wednesday,10,35.237554,-89.793274
300734583,4,14,Wednesday,14,35.210033,-89.875015
300734924,4,5,Wednesday,5,35.204735,-89.8628
300734926,4,16,Wednesday,16,35.214607,-89.858748
300734959,5,0,Thursday,0,35.259396,-89.85293
300734960,6,12,Thursday,12,35.258494,-89.792023
300734961,1,14,Thursday,14,35.222675,-89.82582
300734961,1,14,Thursday,14,35.222675,-89.82582
300735023,4,6,Friday,6,35.20974,-89.86827
300735023,4,6,Friday,6,35.20974,-89.86827
300735680,1,18,Friday,18,35.233972,-89.801726
300735681,1,19,Friday,19,35.212868,-89.81437
300735681,1,19,Friday,19,35.212868,-89.81437
300735681,1,19,Friday,19,35.212868,-89.81437
300735681,1,19,Friday,19,35.212868,-89.81437
300735682,2,20,Friday,20,35.21453,-89.825177
300735683,6,12,Sunday,12,35.2619,-89.77519
300735684,1,15,Sunday,15,35.224017,-89.800664
300735685,3,8,Monday,8,35.200516,-89.83944
300735685,3,8,Monday,8,35.200516,-89.83944
300736256,4,9,Tuesday,9,35.204596,-89.857171
300736257,2,23,Tuesday,23,35.216957,-89.83603
300736322,1,14,Tuesday,14,35.230793,-89.808709
300736324,7,17,Tuesday,17,35.22341,-89.761444
300736325,1,16,Tuesday,16,35.216783,-89.808507
300736325,1,16,Tuesday,16,35.216783,-89.808507
300736325,1,16,Tuesday,16,35.216783,-89.808507
300736325,1,16,Tuesday,16,35.216783,-89.808507
300736550,4,14,Tuesday,14,35.206623,-89.87061
300738117,3,20,Wednesday,20,35.204783,-89.841204
103379961,4,8,Friday,8,35.26981,-89.86096
300820648,1,6,Monday,6,35.213277,-89.818578
300820649,4,9,Monday,9,35.220223,-89.862692
300820650,4,12,Monday,12,35.227905,-89.86071
300820651,4,15,Monday,15,35.204589,-89.856071
300820893,7,8,Wednesday,8,35.226319,-89.771895
300820894,6,10,Wednesday,10,35.248712,-89.813237
300821363,4,7,Thursday,7,35.220802,-89.86332
300821364,3,13,Thursday,13,35.205315,-89.834543
300821364,3,13,Thursday,13,35.205315,-89.834543
300821365,3,14,Thursday,14,35.200619,-89.839435
300821365,3,14,Thursday,14,35.200619,-89.839435
300822375,4,8,Friday,8,35.20713,-89.873344
300822376,2,10,Friday,10,35.214723,-89.82559
300822377,5,17,Saturday,17,35.228443,-89.845316
300822377,5,17,Saturday,17,35.228443,-89.845316
300822378,5,0,Sunday,0,35.258823,-89.85652
300822380,4,13,Monday,13,35.217401,-89.854853
300822381,5,13,Monday,13,35.256189,-89.842618
300823144,4,7,Tuesday,7,35.219757,-89.855804
300823150,3,13,Tuesday,13,35.194161,-89.849383
300823151,7,17,Tuesday,17,35.237423,-89.79345
300823151,7,17,Tuesday,17,35.237423,-89.79345
300823153,4,0,Tuesday,0,35.20631,-89.87379
300823154,5,12,Wednesday,12,35.256824,-89.848448
300823155,4,9,Thursday,9,35.20412,-89.87102
300823158,1,17,Thursday,17,35.229294,-89.801674
300823159,7,17,Thursday,17,35.216492,-89.775959
300823759,4,13,Friday,13,35.207328,-89.847934
300823763,4,22,Sunday,22,35.204906,-89.86092
300824101,4,4,Saturday,4,35.217191,-89.870132
300824106,2,18,Friday,18,35.216883,-89.836108
300824107,1,20,Wednesday,20,35.211041,-89.814732
300824110,1,7,Monday,7,35.218536,-89.804726
300824113,4,18,Monday,18,35.21689,-89.85374
300824114,3,10,Tuesday,10,35.204829,-89.840511
300824619,3,2,Saturday,2,35.195453,-89.874596
300824620,1,14,Tuesday,14,35.236028,-89.797541
300824621,1,23,Saturday,23,35.214535,-89.82512
300824624,3,12,Wednesday,12,35.200573,-89.839412
300824624,3,12,Wednesday,12,35.200573,-89.839412
300824626,3,15,Wednesday,15,35.192255,-89.847278
300824626,3,15,Wednesday,15,35.192255,-89.847278
300824627,3,17,Wednesday,17,35.20479,-89.8636
300825320,2,16,Thursday,16,35.223091,-89.842864
300825321,1,7,Wednesday,7,35.230536,-89.816884
300825324,5,12,Friday,12,35.244244,-89.862059
300825332,3,15,Friday,15,35.191125,-89.870459
300825333,4,22,Friday,22,35.204684,-89.864372
300825333,4,22,Friday,22,35.204684,-89.864372
300825334,6,18,Saturday,18,35.23544,-89.815834
300825335,8,13,Saturday,13,35.204613,-89.79202
300825335,8,13,Saturday,13,35.204613,-89.79202
300825337,2,19,Saturday,19,35.23174,-89.83678
300827690,6,18,Tuesday,18,35.259046,-89.770414
300827947,3,8,Friday,8,35.204717,-89.842646
300827956,5,23,Friday,23,35.238884,-89.832214
300827957,3,8,Sunday,8,35.204305,-89.872331
300827958,2,15,Monday,15,35.224766,-89.819472
300827959,8,15,Tuesday,15,35.216225,-89.79189
300828305,3,10,Tuesday,10,35.202814,-89.864558
300828307,6,17,Friday,17,35.251325,-89.774059
300828316,4,13,Tuesday,13,35.221285,-89.863715
300828316,4,13,Tuesday,13,35.221285,-89.863715
300829554,4,14,Wednesday,14,35.210152,-89.877118
300829555,4,19,Wednesday,19,35.217026,-89.86924
300829558,5,12,Thursday,12,35.25621,-89.842711
300829559,4,16,Friday,16,35.210001,-89.868307
300829559,4,16,Friday,16,35.210001,-89.868307
300830545,1,15,Tuesday,15,35.209087,-89.83003
300830546,2,14,Saturday,14,35.205091,-89.839499
300830547,2,14,Wednesday,14,35.204871,-89.840417
300830548,6,9,Sunday,9,35.261187,-89.780362
300830549,6,0,Monday,0,35.223715,-89.792069
300831087,8,16,Thursday,16,35.20604,-89.791901
300831337,1,22,Wednesday,22,35.23375,-89.7994
300831592,4,8,Tuesday,8,35.204569,-89.858836
300834307,4,14,Monday,14,35.20468,-89.859177
300903302,6,17,Tuesday,17,35.261498,-89.787035
300903307,8,12,Wednesday,12,35.206922,-89.777926
300903315,3,13,Wednesday,13,35.192769,-89.847841
300903315,3,13,Wednesday,13,35.192769,-89.847841
300903316,4,10,Thursday,10,35.210915,-89.854843
300903317,3,12,Thursday,12,35.199254,-89.840247
300903318,4,16,Thursday,16,35.224554,-89.851319
300903319,4,14,Thursday,14,35.207302,-89.873764
300903321,3,13,Friday,13,35.19205,-89.869445
300903323,2,12,Saturday,12,35.204736,-89.847978
300903592,6,8,Monday,8,35.248871,-89.817913
300903593,5,11,Monday,11,35.261782,-89.776495
300903594,7,14,Monday,14,35.216493,-89.768747
300903595,3,20,Monday,20,35.20541,-89.83645
300903598,3,18,Tuesday,18,35.204586,-89.864692
300903599,1,15,Tuesday,15,35.216375,-89.791719
300903796,1,11,Monday,11,35.213251,-89.818218
300903826,3,20,Tuesday,20,35.195125,-89.856176
300903827,1,14,Wednesday,14,35.214599,-89.82508
300903990,2,13,Tuesday,13,35.206531,-89.840588
300903991,3,6,Wednesday,6,35.203498,-89.840401
300904785,3,23,Saturday,23,35.190295,-89.852139
300904787,4,22,Friday,22,35.204743,-89.864258
300904787,4,22,Friday,22,35.204743,-89.864258
300904788,1,9,Saturday,9,35.237473,-89.793443
300904788,1,9,Saturday,9,35.237473,-89.793443
300905219,4,15,Monday,15,35.218789,-89.86792
300905221,7,15,Monday,15,35.218449,-89.792122
300905222,6,14,Monday,14,35.257991,-89.793109
300905223,8,5,Tuesday,5,35.21309,-89.814175
300905223,8,5,Tuesday,5,35.21309,-89.814175
300905223,8,5,Tuesday,5,35.21309,-89.814175
300905223,8,5,Tuesday,5,35.21309,-89.814175
300905226,3,18,Monday,18,35.199028,-89.859205
300906101,3,14,Wednesday,14,35.20499,-89.834894
300906101,3,14,Wednesday,14,35.20499,-89.834894
300906102,3,17,Wednesday,17,35.19474,-89.84532
300906104,8,17,Thursday,17,35.20516,-89.791945
300906105,4,12,Friday,12,35.204711,-89.864289
300906105,4,12,Friday,12,35.204711,-89.864289
300906111,4,18,Friday,18,35.220214,-89.844574
300906118,4,14,Saturday,14,35.218785,-89.86811
300906122,4,15,Sunday,15,35.205839,-89.864149
300906190,4,7,Monday,7,35.211139,-89.880475
300906191,3,9,Monday,9,35.190673,-89.869189
300906193,3,12,Monday,12,35.19364,-89.846475
300906194,4,6,Monday,6,35.204396,-89.856737
300906798,2,18,Wednesday,18,35.208039,-89.840623
300906799,6,9,Monday,9,35.248787,-89.819465
300906800,3,18,Wednesday,18,35.200681,-89.839161
300906800,3,18,Wednesday,18,35.200681,-89.839161
300906801,8,10,Thursday,10,35.207429,-89.814564
300906808,3,16,Monday,16,35.203705,-89.864294
300906809,1,7,Wednesday,7,35.21309,-89.81701
300906814,3,6,Tuesday,6,35.200557,-89.839423
300906814,3,6,Tuesday,6,35.200557,-89.839423
300906815,5,23,Tuesday,23,35.247189,-89.846778
300906816,6,11,Wednesday,11,35.256466,-89.806324
300906822,5,10,Friday,10,35.257766,-89.858785
300906823,3,17,Thursday,17,35.200429,-89.866425
300906824,4,13,Saturday,13,35.204671,-89.856707
300906825,4,21,Monday,21,35.204027,-89.87189
300907845,4,18,Monday,18,35.218771,-89.867602
300907846,3,18,Monday,18,35.201093,-89.839994
300907850,2,13,Sunday,13,35.204861,-89.840643
300907851,2,14,Monday,14,35.216959,-89.836121
300907852,3,14,Saturday,14,35.205393,-89.836087
300907853,1,18,Thursday,18,35.213114,-89.826507
300907853,1,18,Thursday,18,35.213114,-89.826507
300907854,1,18,Thursday,18,35.212965,-89.814369
300907854,1,18,Thursday,18,35.212965,-89.814369
300907854,1,18,Thursday,18,35.212965,-89.814369
300907854,1,18,Thursday,18,35.212965,-89.814369
300907855,2,15,Friday,15,35.204812,-89.840507
300907856,8,13,Saturday,13,35.204849,-89.777724
300907856,8,13,Saturday,13,35.204849,-89.777724
300907857,4,16,Saturday,16,35.204755,-89.863061
300908229,8,7,Tuesday,7,35.217229,-89.791707
300908230,5,8,Thursday,8,35.260161,-89.822469
300908237,2,7,Friday,7,35.207321,-89.840632
300908239,3,16,Tuesday,16,35.19338,-89.846653
300908243,3,13,Tuesday,13,35.200525,-89.839357
300908243,3,13,Tuesday,13,35.200525,-89.839357
300908248,4,2,Tuesday,2,35.216739,-89.854434
300908249,4,13,Wednesday,13,35.204182,-89.870401
300908263,5,21,Sunday,21,35.240397,-89.825355
300908264,1,19,Tuesday,19,35.218463,-89.796931
300908265,6,5,Wednesday,5,35.249359,-89.768995
300908266,4,13,Thursday,13,35.20724,-89.878823
300761201,2,14,Wednesday,14,35.220257,-89.8355
300761203,2,14,Wednesday,14,35.220253,-89.83591
300762718,3,9,Saturday,9,35.200796,-89.839645
300762718,3,9,Saturday,9,35.200796,-89.839645
300762722,4,7,Friday,7,35.225579,-89.862635
300762723,4,14,Friday,14,35.20999,-89.868295
300762723,4,14,Friday,14,35.20999,-89.868295
300762724,2,15,Friday,15,35.204873,-89.840216
300762729,6,17,Thursday,17,35.246563,-89.79293
300762730,4,17,Thursday,17,35.220745,-89.86342
300762730,4,17,Thursday,17,35.220745,-89.86342
300762731,4,13,Saturday,13,35.204617,-89.86457
300762731,4,13,Saturday,13,35.204617,-89.86457
300762732,5,0,Saturday,0,35.24409,-89.862206
300762733,6,21,Saturday,21,35.251827,-89.79326
300762737,4,6,Monday,6,35.204224,-89.86849
300762741,3,7,Tuesday,7,35.204727,-89.86425
300762741,3,7,Tuesday,7,35.204727,-89.86425
300762742,8,17,Monday,17,35.216793,-89.808174
300762742,8,17,Monday,17,35.216793,-89.808174
300762742,8,17,Monday,17,35.216793,-89.808174
300762742,8,17,Monday,17,35.216793,-89.808174
300763576,3,23,Monday,23,35.204704,-89.84299
300763577,1,5,Monday,5,35.229015,-89.810425
300763577,1,5,Monday,5,35.229015,-89.810425
300763579,6,9,Saturday,9,35.263447,-89.823642
300763580,7,2,Friday,2,35.246608,-89.768318
300763581,3,16,Thursday,16,35.203867,-89.868555
300763582,2,20,Tuesday,20,35.217045,-89.83598
300763584,4,6,Wednesday,6,35.218754,-89.86582
300763585,3,8,Wednesday,8,35.20018,-89.839685
300763585,3,8,Wednesday,8,35.20018,-89.839685
300763587,2,18,Wednesday,18,35.20658,-89.840614
300763593,1,18,Thursday,18,35.204796,-89.808498
300764270,2,16,Friday,16,35.216974,-89.834883
300764271,2,17,Friday,17,35.216559,-89.835013
300764275,2,15,Friday,15,35.205426,-89.840521
300764276,2,5,Friday,5,35.21761,-89.836184
300764278,2,1,Sunday,1,35.23282,-89.825356
300764279,6,8,Sunday,8,35.264889,-89.82447
300764341,4,6,Monday,6,35.20475,-89.86137
300765501,4,13,Tuesday,13,35.20445,-89.86641
300765505,2,17,Friday,17,35.206856,-89.84062
300765506,1,20,Monday,20,35.22041,-89.79853
300765516,2,7,Tuesday,7,35.234144,-89.831205
300765517,1,6,Tuesday,6,35.213554,-89.80554
300765519,5,7,Tuesday,7,35.25817,-89.83188
300765520,8,14,Wednesday,14,35.208645,-89.80225
300765522,1,16,Wednesday,16,35.227684,-89.81179
300765523,4,8,Thursday,8,35.20481,-89.86495
300765524,2,8,Thursday,8,35.205427,-89.836969
300765525,6,15,Thursday,15,35.241943,-89.78207
300765526,4,16,Thursday,16,35.21667,-89.84678
300765642,4,11,Friday,11,35.204096,-89.868846
300766414,2,13,Friday,13,35.233078,-89.837915
300766422,4,19,Friday,19,35.204863,-89.864205
300766424,4,10,Saturday,10,35.210017,-89.868281
300766424,4,10,Saturday,10,35.210017,-89.868281
300766425,2,12,Saturday,12,35.217717,-89.835961
300766426,2,14,Saturday,14,35.20481,-89.840659
300766427,6,16,Saturday,16,35.247121,-89.819491
300766429,1,15,Sunday,15,35.21626,-89.791764
300766531,6,8,Monday,8,35.261361,-89.786194
300766532,8,10,Monday,10,35.209017,-89.781743
300766758,1,19,Friday,19,35.223032,-89.816535
300766759,1,15,Saturday,15,35.214439,-89.824985
300766760,3,2,Sunday,2,35.200573,-89.83936
300766760,3,2,Sunday,2,35.200573,-89.83936
300766763,4,19,Monday,19,35.204773,-89.86071
300768302,2,16,Monday,16,35.216883,-89.834918
300768306,3,11,Wednesday,11,35.20373,-89.86848
300768307,1,12,Wednesday,12,35.205452,-89.834425
300768307,1,12,Wednesday,12,35.205452,-89.834425
300768312,3,12,Wednesday,12,35.204647,-89.858367
300768314,5,11,Thursday,11,35.234993,-89.81185
300768315,3,15,Thursday,15,35.20235,-89.864716
300768316,2,15,Thursday,15,35.20519,-89.83885
300769538,4,10,Tuesday,10,35.220833,-89.88273
300769538,4,10,Tuesday,10,35.220833,-89.88273
300769539,5,16,Saturday,16,35.248791,-89.833413
300769540,2,21,Thursday,21,35.232529,-89.836015
300769541,3,14,Friday,14,35.204163,-89.87033
300769542,4,13,Friday,13,35.20462,-89.856476
300769543,3,11,Tuesday,11,35.204883,-89.840593
300769544,3,12,Tuesday,12,35.204621,-89.840445
300769547,8,11,Wednesday,11,35.208307,-89.795893
300769548,1,9,Wednesday,9,35.214521,-89.825215
300769549,4,7,Wednesday,7,35.21706,-89.854306
300769550,7,15,Wednesday,15,35.237154,-89.792933
300769754,5,17,Friday,17,35.23812,-89.829834
300770176,5,14,Wednesday,14,35.235073,-89.81125
300770177,6,10,Thursday,10,35.251271,-89.787701
300770178,1,7,Thursday,7,35.213245,-89.81721
300851409,3,20,Thursday,20,35.205239,-89.834635
300851409,3,20,Thursday,20,35.205239,-89.834635
300851410,4,6,Friday,6,35.22129,-89.86378
300851410,4,6,Friday,6,35.22129,-89.86378
300851411,4,17,Friday,17,35.228554,-89.845275
300851411,4,17,Friday,17,35.228554,-89.845275
300851412,6,21,Friday,21,35.258421,-89.81719
300851413,3,8,Saturday,8,35.190523,-89.859841
300851415,8,12,Saturday,12,35.205112,-89.814567
300851416,6,6,Monday,6,35.243965,-89.79325
300851417,6,6,Monday,6,35.258182,-89.792966
300852495,5,7,Wednesday,7,35.251621,-89.855412
300852551,2,17,Monday,17,35.213109,-89.814388
300852551,2,17,Monday,17,35.213109,-89.814388
300852551,2,17,Monday,17,35.213109,-89.814388
300852551,2,17,Monday,17,35.213109,-89.814388
300852552,1,20,Monday,20,35.233084,-89.811859
300852553,8,0,Saturday,0,35.216668,-89.773434
300852554,1,12,Monday,12,35.231389,-89.807878
300852557,1,14,Tuesday,14,35.23486,-89.81183
300852558,2,0,Wednesday,0,35.204743,-89.840295
300852559,4,11,Tuesday,11,35.204205,-89.871056
300852560,2,12,Wednesday,12,35.217134,-89.836101
300852561,8,11,Thursday,11,35.205985,-89.777712
300852855,4,7,Friday,7,35.231399,-89.865099
300853263,1,18,Saturday,18,35.212972,-89.814547
300853263,1,18,Saturday,18,35.212972,-89.814547
300853263,1,18,Saturday,18,35.212972,-89.814547
300853263,1,18,Saturday,18,35.212972,-89.814547
300853555,2,13,Thursday,13,35.205494,-89.83673
300853556,8,11,Friday,11,35.205673,-89.79194
300853557,8,10,Saturday,10,35.205557,-89.791984
300853558,3,18,Saturday,18,35.200532,-89.839385
300853558,3,18,Saturday,18,35.200532,-89.839385
300853559,8,23,Saturday,23,35.2163,-89.791628
300853565,5,8,Sunday,8,35.242375,-89.858642
300853901,3,11,Monday,11,35.200568,-89.839389
300853901,3,11,Monday,11,35.200568,-89.839389
300853903,3,19,Monday,19,35.201651,-89.84961
300855326,8,12,Tuesday,12,35.208542,-89.791812
300855327,3,13,Tuesday,13,35.200568,-89.839437
300855327,3,13,Tuesday,13,35.200568,-89.839437
300855328,8,16,Tuesday,16,35.208157,-89.777911
300855329,1,19,Tuesday,19,35.211009,-89.814734
300855330,7,15,Wednesday,15,35.236565,-89.793435
300855334,1,17,Wednesday,17,35.23165,-89.807398
300855335,2,16,Wednesday,16,35.214672,-89.825437
300855336,4,20,Wednesday,20,35.22103,-89.864244
300855336,4,20,Wednesday,20,35.22103,-89.864244
300855337,8,11,Thursday,11,35.204781,-89.791997
300855337,8,11,Thursday,11,35.204781,-89.791997
300855338,6,13,Thursday,13,35.263607,-89.76868
300855347,4,15,Thursday,15,35.204693,-89.860344
300855348,1,16,Thursday,16,35.212975,-89.814544
300855348,1,16,Thursday,16,35.212975,-89.814544
300855348,1,16,Thursday,16,35.212975,-89.814544
300855348,1,16,Thursday,16,35.212975,-89.814544
300855350,7,11,Friday,11,35.253934,-89.773516
300855351,4,13,Saturday,13,35.215733,-89.859901
300855352,4,15,Thursday,15,35.218452,-89.86339
300855352,4,15,Thursday,15,35.218452,-89.86339
300855353,3,12,Sunday,12,35.190405,-89.856023
300855646,1,9,Friday,9,35.229618,-89.80375
300855651,3,13,Friday,13,35.204332,-89.867098
300855652,6,20,Monday,20,35.238728,-89.82553
300855652,6,20,Monday,20,35.238728,-89.82553
300855653,4,17,Monday,17,35.221179,-89.863555
300855653,4,17,Monday,17,35.221179,-89.863555
300855654,1,9,Tuesday,9,35.220478,-89.81913
300856093,2,15,Tuesday,15,35.205401,-89.834501
300856093,2,15,Tuesday,15,35.205401,-89.834501
300858505,2,15,Wednesday,15,35.206134,-89.840473
300858506,4,17,Wednesday,17,35.216704,-89.847015
300858507,3,12,Thursday,12,35.201391,-89.845094
300858508,2,19,Thursday,19,35.217109,-89.83612
300858509,4,19,Thursday,19,35.204737,-89.848243
300858511,8,13,Thursday,13,35.206319,-89.777751
300858512,3,16,Thursday,16,35.194951,-89.845113
300858513,2,16,Sunday,16,35.222755,-89.84058
300858514,2,10,Monday,10,35.205058,-89.839909
300858515,4,20,Thursday,20,35.218372,-89.862785
300858515,4,20,Thursday,20,35.218372,-89.862785
300858516,4,20,Thursday,20,35.204711,-89.86334
300858517,1,10,Friday,10,35.214555,-89.82511
300858518,5,11,Friday,11,35.234639,-89.838108
300858519,4,11,Friday,11,35.227643,-89.86548
300858520,7,11,Tuesday,11,35.237278,-89.79339
300858520,7,11,Tuesday,11,35.237278,-89.79339
300858522,2,11,Wednesday,11,35.205527,-89.840532
300858523,8,12,Thursday,12,35.206017,-89.79194
300858524,2,19,Thursday,19,35.204921,-89.840477
300858525,5,14,Thursday,14,35.259506,-89.84736
300858526,2,19,Thursday,19,35.234306,-89.829872
300858527,6,2,Saturday,2,35.263435,-89.768429
300858528,5,15,Saturday,15,35.259034,-89.834694
300858529,5,18,Saturday,18,35.256955,-89.850235
300858781,3,16,Thursday,16,35.198814,-89.861998
300860408,1,13,Friday,13,35.21882,-89.8077
300860409,1,13,Tuesday,13,35.237004,-89.794663
300865773,4,1,Friday,1,35.218531,-89.870062
300927728,3,10,Friday,10,35.2004,-89.839307
300927728,3,10,Friday,10,35.2004,-89.839307
300927729,2,14,Friday,14,35.214814,-89.825596
300927730,3,18,Friday,18,35.205394,-89.8345
300927730,3,18,Friday,18,35.205394,-89.8345
300927731,2,17,Sunday,17,35.217086,-89.835179
300927732,2,17,Saturday,17,35.214883,-89.825573
300927733,7,19,Saturday,19,35.24143,-89.772045
300927735,3,11,Monday,11,35.204709,-89.846501
300927736,5,14,Monday,14,35.250286,-89.842212
300927738,7,16,Monday,16,35.249148,-89.763846
300927739,2,16,Monday,16,35.229092,-89.836125
300928109,1,18,Monday,18,35.213024,-89.81444
300928109,1,18,Monday,18,35.213024,-89.81444
300928109,1,18,Monday,18,35.213024,-89.81444
300928109,1,18,Monday,18,35.213024,-89.81444
300928110,2,17,Monday,17,35.205238,-89.838792
300928114,4,7,Tuesday,7,35.204623,-89.865311
300928115,8,9,Tuesday,9,35.20476,-89.792047
300928115,8,9,Tuesday,9,35.20476,-89.792047
300928120,4,15,Tuesday,15,35.217997,-89.856903
300928123,3,17,Tuesday,17,35.20473,-89.842898
300928345,8,15,Wednesday,15,35.206347,-89.791871
300928346,6,14,Wednesday,14,35.241626,-89.793313
300928349,4,16,Wednesday,16,35.221218,-89.863727
300928349,4,16,Wednesday,16,35.221218,-89.863727
300928350,4,17,Wednesday,17,35.204675,-89.864392
300928350,4,17,Wednesday,17,35.204675,-89.864392
300928352,6,16,Monday,16,35.248567,-89.813205
300928352,6,16,Monday,16,35.248567,-89.813205
300928353,5,10,Thursday,10,35.233085,-89.819156
300928476,8,15,Thursday,15,35.207561,-89.791893
300929128,7,17,Friday,17,35.241603,-89.77212
300929129,3,18,Friday,18,35.20479,-89.861123
300929130,4,8,Saturday,8,35.204262,-89.867861
300929131,1,13,Saturday,13,35.212931,-89.814558
300929131,1,13,Saturday,13,35.212931,-89.814558
300929131,1,13,Saturday,13,35.212931,-89.814558
300929131,1,13,Saturday,13,35.212931,-89.814558
300929132,7,13,Sunday,13,35.241417,-89.772111
300929329,1,17,Monday,17,35.223662,-89.792079
300929330,8,17,Monday,17,35.216539,-89.791691
300930666,2,14,Thursday,14,35.229234,-89.83643
300930667,2,6,Friday,6,35.228477,-89.839242
300930668,4,7,Tuesday,7,35.207196,-89.887201
300930669,4,16,Saturday,16,35.204732,-89.86422
300930669,4,16,Saturday,16,35.204732,-89.86422
300930671,8,16,Wednesday,16,35.205002,-89.792054
300930671,8,16,Wednesday,16,35.205002,-89.792054
300930672,5,7,Thursday,7,35.259205,-89.855821
300930673,4,6,Thursday,6,35.226674,-89.846734
300930674,8,11,Tuesday,11,35.20743,-89.81464
300930675,8,11,Wednesday,11,35.207427,-89.814545
300930681,3,18,Thursday,18,35.205447,-89.834936
300930681,3,18,Thursday,18,35.205447,-89.834936
300930682,1,14,Thursday,14,35.214376,-89.82486
300930685,2,16,Friday,16,35.205192,-89.839519
300930687,3,13,Friday,13,35.197492,-89.856869
300930689,5,21,Friday,21,35.26675,-89.848198
300930690,6,14,Friday,14,35.261378,-89.784818
300930690,6,14,Friday,14,35.261378,-89.784818
300930691,1,16,Saturday,16,35.216332,-89.791721
300930692,1,7,Monday,7,35.216376,-89.791807
300930693,4,12,Monday,12,35.218674,-89.867474
300930919,1,10,Tuesday,10,35.205039,-89.814742
300931037,3,19,Tuesday,19,35.190643,-89.869288
300931248,4,10,Wednesday,10,35.213597,-89.856849
300931249,3,15,Wednesday,15,35.204779,-89.841303
300932368,2,13,Monday,13,35.221,-89.818475
300932369,8,12,Tuesday,12,35.204589,-89.784848
300932370,1,8,Tuesday,8,35.23078,-89.808695
300932374,4,16,Thursday,16,35.21874,-89.868585
300932376,4,8,Friday,8,35.218562,-89.86402
300932377,3,10,Friday,10,35.205246,-89.834646
300932377,3,10,Friday,10,35.205246,-89.834646
300932378,3,12,Friday,12,35.204954,-89.840466
300932380,3,14,Friday,14,35.205062,-89.834858
300932380,3,14,Friday,14,35.205062,-89.834858
300932395,3,21,Saturday,21,35.204753,-89.86107
300932396,8,15,Saturday,15,35.204838,-89.777733
300932396,8,15,Saturday,15,35.204838,-89.777733
300932397,2,17,Saturday,17,35.204853,-89.840573
300932400,1,10,Thursday,10,35.230756,-89.808676
300932401,6,12,Thursday,12,35.244105,-89.799377
300932402,2,11,Sunday,11,35.216714,-89.836154
300932404,2,14,Wednesday,14,35.205117,-89.840515
300932407,3,12,Tuesday,12,35.195217,-89.844878
300932681,4,18,Thursday,18,35.221022,-89.863433
300932681,4,18,Thursday,18,35.221022,-89.863433
300932682,4,9,Friday,9,35.204759,-89.861918
300933264,3,14,Friday,14,35.190146,-89.850443
300933264,3,14,Friday,14,35.190146,-89.850443
300933276,3,17,Friday,17,35.200616,-89.839209
300933276,3,17,Friday,17,35.200616,-89.839209
300933281,4,18,Saturday,18,35.204767,-89.860604
300934182,4,11,Wednesday,11,35.204737,-89.86037
300684150,4,13,Monday,13,35.218737,-89.86811
300685262,6,12,Wednesday,12,35.24574,-89.77308
300685264,4,19,Monday,19,35.204872,-89.860565
300685265,4,8,Thursday,8,35.21889,-89.8679
300685266,4,19,Thursday,19,35.207441,-89.881438
300685268,8,13,Friday,13,35.204859,-89.814785
300685269,4,17,Saturday,17,35.204743,-89.848535
300685462,3,11,Monday,11,35.20048,-89.83904
300685462,3,11,Monday,11,35.20048,-89.83904
300685660,3,15,Friday,15,35.204803,-89.852807
300686424,1,10,Thursday,10,35.214557,-89.825144
300686426,4,18,Thursday,18,35.203918,-89.869333
300686429,2,14,Friday,14,35.204866,-89.840745
300686430,3,16,Friday,16,35.200557,-89.839337
300686430,3,16,Friday,16,35.200557,-89.839337
300686431,1,15,Friday,15,35.212958,-89.814612
300686431,1,15,Friday,15,35.212958,-89.814612
300686431,1,15,Friday,15,35.212958,-89.814612
300686431,1,15,Friday,15,35.212958,-89.814612
300686432,4,15,Friday,15,35.226553,-89.84689
300686434,3,10,Saturday,10,35.204483,-89.840454
300686461,4,14,Wednesday,14,35.221021,-89.86409
300686461,4,14,Wednesday,14,35.221021,-89.86409
300686846,2,16,Monday,16,35.23048,-89.844959
300686847,4,18,Sunday,18,35.21326,-89.8803
300686847,4,18,Sunday,18,35.21326,-89.8803
300686871,6,6,Wednesday,6,35.25958,-89.82261
300686980,3,17,Tuesday,17,35.190612,-89.869149
300686985,1,10,Wednesday,10,35.21383,-89.82606
300687034,1,9,Thursday,9,35.205456,-89.8344
300687034,1,9,Thursday,9,35.205456,-89.8344
300687138,4,11,Thursday,11,35.206254,-89.871639
300688232,3,19,Wednesday,19,35.204103,-89.86457
300688404,5,22,Thursday,22,35.242429,-89.861345
300688476,3,11,Friday,11,35.196086,-89.849902
300689343,6,9,Friday,9,35.250857,-89.812999
300689344,2,12,Friday,12,35.204907,-89.840601
300689346,5,22,Friday,22,35.242302,-89.86155
300689347,1,23,Friday,23,35.233963,-89.80245
300689348,1,17,Friday,17,35.212941,-89.814523
300689348,1,17,Friday,17,35.212941,-89.814523
300689348,1,17,Friday,17,35.212941,-89.814523
300689348,1,17,Friday,17,35.212941,-89.814523
300689350,8,16,Saturday,16,35.205482,-89.79194
300689351,1,17,Saturday,17,35.212968,-89.814441
300689351,1,17,Saturday,17,35.212968,-89.814441
300689351,1,17,Saturday,17,35.212968,-89.814441
300689351,1,17,Saturday,17,35.212968,-89.814441
300689352,2,19,Saturday,19,35.217011,-89.843691
300689353,2,17,Sunday,17,35.230287,-89.815756
300692192,3,17,Saturday,17,35.204173,-89.868472
300692193,3,16,Tuesday,16,35.205029,-89.839199
300776007,5,7,Tuesday,7,35.257904,-89.861465
300776265,3,12,Tuesday,12,35.20476,-89.862076
300776268,4,17,Tuesday,17,35.218723,-89.86795
300776339,8,7,Wednesday,7,35.20509,-89.7777
300776339,8,7,Wednesday,7,35.20509,-89.7777
300776340,4,0,Wednesday,0,35.229937,-89.856983
300776347,2,12,Wednesday,12,35.210503,-89.82936
300777438,4,15,Tuesday,15,35.218378,-89.863017
300777438,4,15,Tuesday,15,35.218378,-89.863017
300777441,2,18,Wednesday,18,35.210616,-89.830141
300777442,4,5,Thursday,5,35.204777,-89.861755
300777443,1,10,Thursday,10,35.205524,-89.83445
300777443,1,10,Thursday,10,35.205524,-89.83445
300777444,4,12,Thursday,12,35.221293,-89.86369
300777444,4,12,Thursday,12,35.221293,-89.86369
300777445,2,17,Thursday,17,35.226911,-89.835628
300777446,2,11,Thursday,11,35.228603,-89.845276
300777446,2,11,Thursday,11,35.228603,-89.845276
300777452,2,19,Thursday,19,35.216923,-89.836137
300777454,4,19,Thursday,19,35.2213,-89.863666
300777454,4,19,Thursday,19,35.2213,-89.863666
300777455,2,14,Friday,14,35.204845,-89.840493
300777456,4,8,Saturday,8,35.2213,-89.863709
300777456,4,8,Saturday,8,35.2213,-89.863709
300777457,2,6,Friday,6,35.228969,-89.836372
300777458,4,19,Saturday,19,35.204926,-89.84798
300777774,4,11,Monday,11,35.233612,-89.855385
300777775,4,16,Monday,16,35.221313,-89.86369
300777775,4,16,Monday,16,35.221313,-89.86369
300777776,1,18,Monday,18,35.224075,-89.815445
300777824,1,18,Monday,18,35.224285,-89.814926
300777989,2,10,Tuesday,10,35.229168,-89.82579
300777990,2,16,Tuesday,16,35.20612,-89.840576
300778301,3,11,Tuesday,11,35.200287,-89.839785
300778301,3,11,Tuesday,11,35.200287,-89.839785
300778302,5,19,Thursday,19,35.269746,-89.860966
300778303,3,18,Wednesday,18,35.200384,-89.858936
300779155,5,18,Thursday,18,35.257887,-89.861462
300779160,8,11,Friday,11,35.207286,-89.814667
300779161,3,15,Friday,15,35.200917,-89.839717
300779161,3,15,Friday,15,35.200917,-89.839717
300779162,4,6,Friday,6,35.207157,-89.87374
300779164,3,21,Friday,21,35.202463,-89.863207
300779169,5,11,Saturday,11,35.239109,-89.841623
300779170,2,17,Saturday,17,35.21698,-89.836075
300779171,2,18,Sunday,18,35.229125,-89.826071
300779171,2,18,Sunday,18,35.229125,-89.826071
300779434,2,18,Thursday,18,35.216931,-89.836364
300779437,3,11,Monday,11,35.201111,-89.868757
300779438,1,16,Friday,16,35.229485,-89.810104
300779438,1,16,Friday,16,35.229485,-89.810104
300779439,4,19,Sunday,19,35.223823,-89.855713
300779440,4,18,Monday,18,35.221302,-89.86383
300779440,4,18,Monday,18,35.221302,-89.86383
300779441,8,21,Monday,21,35.20625,-89.79191
300779489,1,12,Tuesday,12,35.204748,-89.792048
300779489,1,12,Tuesday,12,35.204748,-89.792048
300779490,1,8,Tuesday,8,35.207579,-89.791948
300779701,1,14,Tuesday,14,35.230564,-89.81924
300779702,3,16,Tuesday,16,35.20384,-89.84041
300779703,5,7,Wednesday,7,35.249294,-89.845921
300779918,1,12,Wednesday,12,35.205385,-89.834265
300779918,1,12,Wednesday,12,35.205385,-89.834265
300779919,6,14,Tuesday,14,35.23248,-89.809288
300779920,4,14,Wednesday,14,35.218357,-89.86316
300779920,4,14,Wednesday,14,35.218357,-89.86316
300779921,7,7,Thursday,7,35.217119,-89.781239
300780890,6,15,Friday,15,35.26317,-89.793175
300780891,4,16,Friday,16,35.21838,-89.863045
300780891,4,16,Friday,16,35.21838,-89.863045
300780895,1,17,Friday,17,35.228917,-89.810536
300780895,1,17,Friday,17,35.228917,-89.810536
300780902,6,5,Saturday,5,35.263424,-89.789116
300780903,2,21,Saturday,21,35.206486,-89.84233
300781121,1,13,Monday,13,35.205328,-89.834389
300781121,1,13,Monday,13,35.205328,-89.834389
300781122,2,22,Sunday,22,35.226055,-89.82846
300781123,4,11,Monday,11,35.204958,-89.863924
300781124,2,14,Monday,14,35.230752,-89.825569
300781125,3,17,Monday,17,35.194883,-89.845175
300781126,4,18,Monday,18,35.204826,-89.863625
300781126,4,18,Monday,18,35.204826,-89.863625
300781420,5,20,Tuesday,20,35.26428,-89.8353
300781742,3,15,Monday,15,35.193768,-89.846527
300781743,6,14,Wednesday,14,35.247699,-89.793238
300782578,4,14,Thursday,14,35.21703,-89.86802
300782579,4,17,Friday,17,35.204704,-89.85948
300782589,5,2,Saturday,2,35.258793,-89.83314
300782590,1,10,Saturday,10,35.23379,-89.79345
300782591,8,21,Saturday,21,35.218174,-89.791534
300782592,4,0,Sunday,0,35.20477,-89.86454
300782592,4,0,Sunday,0,35.20477,-89.86454
300782699,3,7,Monday,7,35.193417,-89.862195
300782966,4,10,Monday,10,35.204536,-89.865618
300782967,8,12,Monday,12,35.205116,-89.791985
300784585,2,17,Monday,17,35.228723,-89.836117
300784586,4,7,Monday,7,35.228093,-89.844346
300864550,3,16,Wednesday,16,35.190333,-89.85491
300865559,7,23,Friday,23,35.211589,-89.772347
300865563,1,11,Saturday,11,35.214362,-89.825329
300865567,3,16,Friday,16,35.205403,-89.834789
300865567,3,16,Friday,16,35.205403,-89.834789
300865570,4,14,Saturday,14,35.204577,-89.857373
300865571,6,14,Sunday,14,35.248755,-89.819517
300865793,1,15,Tuesday,15,35.220378,-89.819235
300866186,4,18,Thursday,18,35.213586,-89.867482
300866188,8,14,Thursday,14,35.20486,-89.792005
300866188,8,14,Thursday,14,35.20486,-89.792005
300866688,1,4,Sunday,4,35.218425,-89.796923
300866690,5,17,Saturday,17,35.241065,-89.837697
300866690,5,17,Saturday,17,35.241065,-89.837697
300866691,4,19,Friday,19,35.20474,-89.861115
300866713,2,16,Friday,16,35.214775,-89.825431
300866714,1,16,Friday,16,35.223144,-89.792934
300866892,6,16,Monday,16,35.250906,-89.808512
300866893,1,16,Monday,16,35.229014,-89.810465
300866893,1,16,Monday,16,35.229014,-89.810465
300867558,6,20,Thursday,20,35.258734,-89.824157
300867562,3,3,Thursday,3,35.196208,-89.874361
300868158,6,18,Thursday,18,35.245083,-89.793088
300868162,5,3,Thursday,3,35.234718,-89.839426
300868164,8,18,Friday,18,35.20665,-89.814562
300868165,4,17,Saturday,17,35.204562,-89.857383
300868179,3,7,Monday,7,35.190705,-89.869252
300868180,3,11,Wednesday,11,35.203945,-89.868537
300868225,4,12,Saturday,12,35.204561,-89.857361
300868794,8,20,Wednesday,20,35.208104,-89.777867
300868795,1,6,Thursday,6,35.23491,-89.799994
300869014,2,23,Wednesday,23,35.227842,-89.819523
300869020,4,14,Thursday,14,35.209936,-89.868302
300869020,4,14,Thursday,14,35.209936,-89.868302
300869021,8,17,Thursday,17,35.205225,-89.814817
300869692,4,19,Friday,19,35.228916,-89.85713
300869706,8,9,Saturday,9,35.218077,-89.789528
300869712,4,19,Sunday,19,35.204656,-89.864306
300869712,4,19,Sunday,19,35.204656,-89.864306
300869939,6,21,Saturday,21,35.263649,-89.76871
300870217,2,11,Tuesday,11,35.216975,-89.8354
300870226,7,14,Tuesday,14,35.245965,-89.771698
300872031,1,21,Friday,21,35.229074,-89.810337
300872031,1,21,Friday,21,35.229074,-89.810337
300873517,4,15,Friday,15,35.212561,-89.84883
300873518,3,8,Saturday,8,35.200575,-89.839462
300873518,3,8,Saturday,8,35.200575,-89.839462
300678260,6,8,Friday,8,35.247818,-89.801025
300678261,3,15,Friday,15,35.205193,-89.84042
300678262,6,22,Friday,22,35.237247,-89.77154
300678264,3,10,Saturday,10,35.204635,-89.84842
300678265,2,18,Saturday,18,35.205814,-89.84055
300678553,8,0,Saturday,0,35.248142,-89.768995
300678554,6,19,Monday,19,35.263916,-89.791346
300679309,6,4,Saturday,4,35.249498,-89.773225
300679314,3,15,Tuesday,15,35.19391,-89.872185
300679315,2,8,Thursday,8,35.219645,-89.835939
300679316,4,8,Thursday,8,35.20419,-89.867935
300679317,4,15,Thursday,15,35.20596,-89.864147
300679318,2,12,Friday,12,35.205452,-89.834366
300679318,2,12,Friday,12,35.205452,-89.834366
300679481,2,17,Thursday,17,35.229447,-89.834949
300679483,6,10,Saturday,10,35.248672,-89.77254
300679485,1,12,Saturday,12,35.228907,-89.810545
300679485,1,12,Saturday,12,35.228907,-89.810545
300679486,3,14,Saturday,14,35.190623,-89.869091
300679691,6,17,Sunday,17,35.240168,-89.786545
300679841,4,16,Saturday,16,35.21783,-89.855576
300679842,1,22,Monday,22,35.216484,-89.800473
300679848,1,23,Monday,23,35.218782,-89.807848
300679849,1,2,Tuesday,2,35.232538,-89.799608
300679915,5,11,Tuesday,11,35.261769,-89.833162
300680011,1,22,Tuesday,22,35.218401,-89.794243
300680233,4,11,Wednesday,11,35.204724,-89.857386
300680235,7,12,Wednesday,12,35.239933,-89.787301
300680236,6,14,Wednesday,14,35.261295,-89.78321
300680296,4,16,Wednesday,16,35.225347,-89.856305
300680983,3,16,Friday,16,35.204716,-89.853814
300680984,1,19,Friday,19,35.233376,-89.80383
300680986,8,14,Saturday,14,35.20727,-89.814514
300680988,1,12,Sunday,12,35.216415,-89.791664
300681607,3,17,Wednesday,17,35.205351,-89.837958
300681608,2,18,Wednesday,18,35.205465,-89.834417
300681608,2,18,Wednesday,18,35.205465,-89.834417
300681609,2,17,Wednesday,17,35.229117,-89.836553
300682426,4,0,Monday,0,35.22949,-89.84527
300682667,3,11,Monday,11,35.20487,-89.84048
300682668,1,12,Monday,12,35.213284,-89.82033
300682669,5,18,Sunday,18,35.253487,-89.835337
300682670,1,0,Monday,0,35.21301,-89.814539
300682670,1,0,Monday,0,35.21301,-89.814539
300682670,1,0,Monday,0,35.21301,-89.814539
300682670,1,0,Monday,0,35.21301,-89.814539
300682671,3,16,Monday,16,35.200688,-89.849725
300682672,3,16,Monday,16,35.204754,-89.86069
300682673,8,15,Monday,15,35.207386,-89.814545
300682881,3,17,Friday,17,35.205207,-89.834637
300682881,3,17,Friday,17,35.205207,-89.834637
300682882,7,8,Wednesday,8,35.240987,-89.771732
300683047,3,19,Wednesday,19,35.204657,-89.846816
300683047,3,19,Wednesday,19,35.204657,-89.846816
300683242,3,10,Thursday,10,35.19991,-89.86782
300683845,8,22,Thursday,22,35.215065,-89.769166
300683846,5,20,Friday,20,35.259827,-89.82245
300683847,2,12,Saturday,12,35.20645,-89.84048
300686978,4,22,Saturday,22,35.21822,-89.86311
300686978,4,22,Saturday,22,35.21822,-89.86311
300692937,2,15,Thursday,15,35.205292,-89.840429
103187950,4,0,Thursday,0,35.26748,-89.86328
300769551,6,14,Saturday,14,35.263126,-89.79793
300769552,2,20,Saturday,20,35.204872,-89.8404
300769917,2,15,Monday,15,35.207676,-89.84064
300769918,2,16,Monday,16,35.216763,-89.846154
300770181,4,14,Tuesday,14,35.210293,-89.880486
300770181,4,14,Tuesday,14,35.210293,-89.880486
300770182,1,13,Tuesday,13,35.20543,-89.834443
300770182,1,13,Tuesday,13,35.20543,-89.834443
300770184,4,15,Tuesday,15,35.21275,-89.86816
300770184,4,15,Tuesday,15,35.21275,-89.86816
300770185,1,17,Tuesday,17,35.21454,-89.82516
300770998,2,7,Monday,7,35.225903,-89.82565
300770999,6,17,Wednesday,17,35.24313,-89.77902
300771002,5,21,Wednesday,21,35.257361,-89.853174
300771003,2,10,Thursday,10,35.207653,-89.84066
300771004,3,16,Friday,16,35.204327,-89.84796
300771005,3,16,Friday,16,35.19034,-89.86906
300771008,2,19,Saturday,19,35.215485,-89.82646
300771009,3,1,Sunday,1,35.19744,-89.84275
300771010,2,7,Sunday,7,35.229191,-89.825566
300771010,2,7,Sunday,7,35.229191,-89.825566
300771469,1,2,Friday,2,35.213078,-89.81987
300772099,8,13,Tuesday,13,35.21823,-89.79171
300772101,3,10,Wednesday,10,35.19035,-89.8549
300772128,4,14,Thursday,14,35.204594,-89.85736
300772129,3,18,Thursday,18,35.20456,-89.858063
300772918,4,12,Saturday,12,35.22563,-89.865535
300772921,4,17,Saturday,17,35.225902,-89.848008
300773146,3,8,Tuesday,8,35.203819,-89.84836
300773147,4,14,Tuesday,14,35.216697,-89.850455
300773407,4,11,Wednesday,11,35.20464,-89.864235
300773407,4,11,Wednesday,11,35.20464,-89.864235
300773408,3,14,Wednesday,14,35.204746,-89.84892
300773643,4,6,Tuesday,6,35.207035,-89.87079
300773643,4,6,Tuesday,6,35.207035,-89.87079
300774169,1,9,Friday,9,35.236,-89.79741
300774170,3,16,Friday,16,35.20532,-89.83446
300774170,3,16,Friday,16,35.20532,-89.83446
300774171,1,14,Friday,14,35.22704,-89.80825
300774172,4,19,Friday,19,35.208576,-89.876894
300774173,6,16,Saturday,16,35.26354,-89.768703
300774175,2,18,Saturday,18,35.217195,-89.83606
300774663,2,11,Monday,11,35.206124,-89.840581
300774664,8,6,Friday,6,35.209635,-89.77781
300774665,7,10,Tuesday,10,35.204903,-89.792076
300774666,4,15,Tuesday,15,35.204687,-89.864399
300774666,4,15,Tuesday,15,35.204687,-89.864399
300774692,7,11,Saturday,11,35.216564,-89.768832
300774880,4,13,Sunday,13,35.20555,-89.8843
300774881,3,17,Tuesday,17,35.203748,-89.840371
300774882,8,13,Wednesday,13,35.204689,-89.792055
300774882,8,13,Wednesday,13,35.204689,-89.792055
300775095,5,18,Wednesday,18,35.257355,-89.833101
300775095,5,18,Wednesday,18,35.257355,-89.833101
300775098,4,6,Thursday,6,35.21658,-89.84682
300775099,2,14,Thursday,14,35.216933,-89.836703
300775100,7,18,Thursday,18,35.2179,-89.78617
300775101,5,18,Thursday,18,35.25634,-89.84453
300775102,4,18,Thursday,18,35.204761,-89.86204
300775103,8,23,Thursday,23,35.209348,-89.783714
300775773,1,11,Friday,11,35.218723,-89.802895
300775774,3,15,Friday,15,35.20464,-89.85524
300775775,3,17,Friday,17,35.196205,-89.84975
300775776,6,19,Friday,19,35.261416,-89.792176
300775777,1,18,Friday,18,35.216704,-89.808103
300775777,1,18,Friday,18,35.216704,-89.808103
300775777,1,18,Friday,18,35.216704,-89.808103
300775777,1,18,Friday,18,35.216704,-89.808103
300775779,7,11,Saturday,11,35.24595,-89.77192
300775780,1,16,Saturday,16,35.23079,-89.808655
300776005,1,17,Monday,17,35.214632,-89.825206
300776006,3,18,Monday,18,35.19067,-89.869208
300980050,3,23,Friday,23,35.196222,-89.843664
300858532,1,14,Monday,14,35.23613,-89.79677
300858784,4,9,Tuesday,9,35.218482,-89.862569
300858784,4,9,Tuesday,9,35.218482,-89.862569
300858785,4,13,Tuesday,13,35.204653,-89.864424
300858785,4,13,Tuesday,13,35.204653,-89.864424
300858786,8,12,Tuesday,12,35.20497,-89.81481
300858787,8,19,Tuesday,19,35.218122,-89.791611
300858788,5,20,Tuesday,20,35.252768,-89.859702
300858789,7,23,Tuesday,23,35.214727,-89.776687
300859007,5,19,Wednesday,19,35.257417,-89.856174
300859261,1,8,Thursday,8,35.21648,-89.796135
300859262,4,14,Thursday,14,35.204261,-89.870795
300859275,1,16,Thursday,16,35.232121,-89.806717
300859276,3,15,Thursday,15,35.204602,-89.858067
300859277,2,8,Friday,8,35.204561,-89.848098
300859767,6,9,Thursday,9,35.261931,-89.775092
300859768,6,13,Friday,13,35.254169,-89.80359
300859769,4,17,Tuesday,17,35.20472,-89.86569
300859770,8,13,Friday,13,35.204711,-89.792002
300859770,8,13,Friday,13,35.204711,-89.792002
300859771,1,7,Friday,7,35.219517,-89.820132
300859774,3,23,Friday,23,35.20558,-89.8344
300859774,3,23,Friday,23,35.20558,-89.8344
300859775,2,14,Friday,14,35.204673,-89.844436
300859777,6,14,Saturday,14,35.261343,-89.78475
300859777,6,14,Saturday,14,35.261343,-89.78475
300859778,2,12,Sunday,12,35.217003,-89.836108
300859779,4,13,Sunday,13,35.21883,-89.867952
300859782,2,6,Monday,6,35.229058,-89.836263
300860037,1,15,Monday,15,35.205578,-89.834045
300860037,1,15,Monday,15,35.205578,-89.834045
300860038,4,16,Monday,16,35.204536,-89.874017
300860411,1,8,Tuesday,8,35.207793,-89.823129
300860412,1,13,Thursday,13,35.21296,-89.81439
300860412,1,13,Thursday,13,35.21296,-89.81439
300860412,1,13,Thursday,13,35.21296,-89.81439
300860412,1,13,Thursday,13,35.21296,-89.81439
300860414,3,6,Wednesday,6,35.20487,-89.87684
300860415,1,7,Wednesday,7,35.230504,-89.855954
300860416,4,15,Wednesday,15,35.221122,-89.863634
300860416,4,15,Wednesday,15,35.221122,-89.863634
300860417,4,15,Wednesday,15,35.204494,-89.865822
300861386,1,7,Thursday,7,35.219324,-89.820436
300861387,4,16,Thursday,16,35.218434,-89.86235
300861387,4,16,Thursday,16,35.218434,-89.86235
300861388,5,6,Friday,6,35.264473,-89.79706
300861392,2,10,Friday,10,35.234942,-89.811847
300861393,4,14,Saturday,14,35.204682,-89.864262
300861393,4,14,Saturday,14,35.204682,-89.864262
300861396,1,18,Monday,18,35.237172,-89.79274
300861396,1,18,Monday,18,35.237172,-89.79274
300861531,1,15,Tuesday,15,35.216032,-89.792217
300861532,5,19,Tuesday,19,35.241259,-89.842453
300861567,1,18,Tuesday,18,35.208994,-89.814853
300861573,1,12,Wednesday,12,35.218215,-89.79176
300861955,4,14,Wednesday,14,35.205361,-89.838014
300861957,4,18,Wednesday,18,35.22657,-89.856848
300861958,8,19,Wednesday,19,35.212562,-89.81394
300861958,8,19,Wednesday,19,35.212562,-89.81394
300861958,8,19,Wednesday,19,35.212562,-89.81394
300861958,8,19,Wednesday,19,35.212562,-89.81394
300861959,7,6,Thursday,6,35.21169,-89.765051
300861962,4,21,Thursday,21,35.229547,-89.845315
300862547,8,11,Friday,11,35.207675,-89.793675
300862548,6,0,Thursday,0,35.238732,-89.791259
300862553,1,21,Saturday,21,35.23307,-89.813197
300862554,8,17,Saturday,17,35.216354,-89.791711
300862555,2,4,Monday,4,35.218689,-89.825906
300862742,3,11,Monday,11,35.204727,-89.848005
300862743,6,14,Monday,14,35.255456,-89.789276
300862746,2,15,Monday,15,35.230587,-89.817045
300862747,2,16,Monday,16,35.206988,-89.840559
300862938,8,14,Tuesday,14,35.206259,-89.808516
300862939,3,1,Saturday,1,35.205132,-89.834923
300862939,3,1,Saturday,1,35.205132,-89.834923
300862977,8,8,Wednesday,8,35.216297,-89.79165
300863008,2,15,Wednesday,15,35.216986,-89.839167
300863009,1,14,Wednesday,14,35.205325,-89.834456
300863009,1,14,Wednesday,14,35.205325,-89.834456
300863158,4,17,Tuesday,17,35.204954,-89.868512
300863179,4,6,Tuesday,6,35.213067,-89.873776
300863355,8,8,Thursday,8,35.207729,-89.794372
300863356,2,12,Thursday,12,35.205421,-89.840543
300863357,2,14,Thursday,14,35.237052,-89.835688
300863981,2,16,Saturday,16,35.2047,-89.843503
300863982,1,17,Saturday,17,35.207632,-89.791845
300863983,2,22,Sunday,22,35.22862,-89.837892
300863984,4,17,Sunday,17,35.204766,-89.863493
300863984,4,17,Sunday,17,35.204766,-89.863493
300864017,3,7,Friday,7,35.20415,-89.87206
300864546,2,18,Monday,18,35.205287,-89.838207
300864547,2,17,Monday,17,35.206061,-89.840577
300864548,4,12,Tuesday,12,35.214736,-89.874814
300864549,5,14,Tuesday,14,35.241257,-89.844836
300865790,3,17,Saturday,17,35.198976,-89.841013
300720626,1,15,Thursday,15,35.212959,-89.814606
300720626,1,15,Thursday,15,35.212959,-89.814606
300720626,1,15,Thursday,15,35.212959,-89.814606
300720626,1,15,Thursday,15,35.212959,-89.814606
300720627,3,14,Thursday,14,35.205278,-89.834562
300720627,3,14,Thursday,14,35.205278,-89.834562
300720776,4,19,Thursday,19,35.204583,-89.857711
300723148,2,18,Thursday,18,35.216988,-89.835815
300723150,4,10,Saturday,10,35.205166,-89.882742
300723152,4,23,Friday,23,35.213456,-89.860401
300723153,4,16,Sunday,16,35.207671,-89.858026
300723159,3,12,Monday,12,35.20466,-89.85598
300723163,3,19,Monday,19,35.188647,-89.868791
300723164,4,8,Tuesday,8,35.213245,-89.87825
300723165,1,17,Tuesday,17,35.228855,-89.81058
300723165,1,17,Tuesday,17,35.228855,-89.81058
300723168,2,15,Wednesday,15,35.22949,-89.83474
300723169,3,17,Tuesday,17,35.205203,-89.838485
300723170,3,14,Wednesday,14,35.204265,-89.873003
300723177,4,18,Wednesday,18,35.20428,-89.867584
300723178,4,17,Thursday,17,35.228567,-89.848062
300723180,4,22,Saturday,22,35.204648,-89.858976
300723181,2,21,Sunday,21,35.229046,-89.836494
300723218,2,10,Monday,10,35.221148,-89.825778
300723225,3,11,Monday,11,35.19507,-89.84502
300723226,2,6,Monday,6,35.229074,-89.836315
300723495,4,15,Monday,15,35.218302,-89.863403
300723495,4,15,Monday,15,35.218302,-89.863403
300723496,6,20,Sunday,20,35.261295,-89.78438
300723496,6,20,Sunday,20,35.261295,-89.78438
300723720,1,17,Tuesday,17,35.229133,-89.81035
300723720,1,17,Tuesday,17,35.229133,-89.81035
300723724,2,15,Tuesday,15,35.22769,-89.845702
300723795,7,8,Wednesday,8,35.217026,-89.79154
300723796,3,19,Tuesday,19,35.190707,-89.869054
300723996,8,15,Wednesday,15,35.204807,-89.77772
300723996,8,15,Wednesday,15,35.204807,-89.77772
300724253,3,17,Thursday,17,35.204685,-89.84046
300724256,2,12,Thursday,12,35.204907,-89.840434
300724521,3,20,Thursday,20,35.204708,-89.851946
300724522,3,20,Thursday,20,35.204761,-89.849843
300724768,6,16,Saturday,16,35.261977,-89.804276
300724928,4,12,Sunday,12,35.20532,-89.882073
300725225,4,7,Tuesday,7,35.204823,-89.861534
300725227,1,12,Tuesday,12,35.216437,-89.792017
300725444,8,19,Tuesday,19,35.20474,-89.777689
300725444,8,19,Tuesday,19,35.20474,-89.777689
300725501,2,6,Wednesday,6,35.217164,-89.836106
300726722,3,13,Thursday,13,35.196202,-89.868755
300726723,8,16,Thursday,16,35.207591,-89.791873
300726731,2,17,Thursday,17,35.204893,-89.840515
300726732,1,9,Friday,9,35.22766,-89.80184
300726733,3,10,Friday,10,35.200634,-89.86678
300726735,7,13,Friday,13,35.238323,-89.79108
300726736,3,22,Friday,22,35.20455,-89.86426
300726736,3,22,Friday,22,35.20455,-89.86426
300727158,6,2,Saturday,2,35.262207,-89.768135
300727159,6,0,Friday,0,35.264871,-89.7914
300727162,3,11,Monday,11,35.204779,-89.860615
300727163,7,18,Monday,18,35.240574,-89.7856
300727164,5,8,Tuesday,8,35.2579,-89.86142
300727473,1,8,Wednesday,8,35.207591,-89.79196
300727474,3,13,Wednesday,13,35.205349,-89.834336
300727474,3,13,Wednesday,13,35.205349,-89.834336
300727475,6,13,Wednesday,13,35.249048,-89.792918
300727743,1,6,Thursday,6,35.233986,-89.800995
300729023,2,18,Saturday,18,35.20482,-89.84069
300730799,6,20,Sunday,20,35.238439,-89.793073
300735024,3,14,Tuesday,14,35.204694,-89.843045
300735942,1,17,Friday,17,35.233837,-89.802338
300814543,3,12,Sunday,12,35.1988,-89.841217
300814544,8,16,Sunday,16,35.218189,-89.790652
300814545,2,21,Monday,21,35.221153,-89.81806
300814546,4,22,Monday,22,35.229996,-89.855225
300814552,4,22,Monday,22,35.204636,-89.86431
300814552,4,22,Monday,22,35.204636,-89.86431
300814554,6,9,Tuesday,9,35.266284,-89.76854
300814761,6,14,Sunday,14,35.240949,-89.784448
300814762,2,10,Thursday,10,35.205643,-89.840526
300814763,4,13,Wednesday,13,35.207286,-89.880553
300814764,2,17,Wednesday,17,35.228499,-89.845261
300814764,2,17,Wednesday,17,35.228499,-89.845261
300815415,1,9,Thursday,9,35.213238,-89.818015
300815416,2,16,Tuesday,16,35.205069,-89.839488
300815417,4,10,Thursday,10,35.204533,-89.86423
300815417,4,10,Thursday,10,35.204533,-89.86423
300815418,2,12,Friday,12,35.204711,-89.842366
300815419,2,17,Friday,17,35.205483,-89.835742
300815420,6,2,Sunday,2,35.262325,-89.81965
300815421,4,20,Sunday,20,35.220455,-89.880427
300815673,4,9,Tuesday,9,35.226574,-89.846862
300815885,4,9,Monday,9,35.207107,-89.887118
300816110,3,18,Wednesday,18,35.201974,-89.845047
300816359,1,14,Thursday,14,35.23747,-89.79345
300816359,1,14,Thursday,14,35.23747,-89.79345
300816360,3,15,Thursday,15,35.188633,-89.87492
300816361,5,21,Thursday,21,35.258104,-89.848735
300817030,4,10,Thursday,10,35.226586,-89.859563
300817031,4,13,Wednesday,13,35.216124,-89.86914
300817033,1,17,Friday,17,35.227614,-89.811809
300817244,6,6,Monday,6,35.255337,-89.77269
300818003,2,16,Wednesday,16,35.205532,-89.83527
300818003,2,16,Wednesday,16,35.205532,-89.83527
300818621,6,10,Tuesday,10,35.248886,-89.79521
300818622,5,13,Tuesday,13,35.25723,-89.85422
300818751,5,23,Thursday,23,35.234911,-89.842752
300818752,8,10,Monday,10,35.205783,-89.777643
300818753,4,2,Sunday,2,35.2042,-89.867413
300819642,2,19,Wednesday,19,35.232178,-89.839874
300819644,1,17,Tuesday,17,35.237278,-89.79305
300819644,1,17,Tuesday,17,35.237278,-89.79305
300819645,2,21,Tuesday,21,35.22884,-89.83717
300819645,2,21,Tuesday,21,35.22884,-89.83717
300819645,2,21,Tuesday,21,35.22884,-89.83717
300819645,2,21,Tuesday,21,35.22884,-89.83717
300819646,2,10,Wednesday,10,35.23212,-89.837776
300819647,2,9,Wednesday,9,35.216941,-89.836002
300819648,5,18,Wednesday,18,35.264305,-89.85608
300819649,4,20,Wednesday,20,35.204191,-89.868526
300819650,4,15,Thursday,15,35.23379,-89.855
300820619,4,15,Sunday,15,35.218815,-89.868251
300820620,4,15,Tuesday,15,35.204413,-89.866588
300820621,5,22,Wednesday,22,35.2447,-89.84311
300820622,2,15,Tuesday,15,35.23388,-89.829325
300820632,4,21,Friday,21,35.20421,-89.868524
300820636,2,1,Saturday,1,35.204904,-89.840443
300820637,4,16,Saturday,16,35.218677,-89.869246
300820638,6,16,Saturday,16,35.244497,-89.77565
300820639,5,4,Sunday,4,35.257164,-89.833881
300820640,2,15,Sunday,15,35.21696,-89.83612
300820641,4,14,Sunday,14,35.219749,-89.858765
300820892,3,2,Sunday,2,35.197712,-89.868996
300825319,3,16,Sunday,16,35.203097,-89.864405
300896507,6,10,Sunday,10,35.250579,-89.806359
300896508,4,14,Sunday,14,35.229049,-89.83631
300896513,2,17,Sunday,17,35.217012,-89.836366
300896966,8,10,Monday,10,35.205094,-89.791994
300896969,2,13,Monday,13,35.206356,-89.840595
300896971,4,15,Monday,15,35.204657,-89.855766
300896991,2,9,Wednesday,9,35.216948,-89.83712
300897011,3,2,Wednesday,2,35.202823,-89.857409
300897891,3,20,Wednesday,20,35.204751,-89.860283
300897902,2,20,Wednesday,20,35.216818,-89.836157
300897903,4,7,Thursday,7,35.225921,-89.84801
300897915,2,11,Thursday,11,35.20487,-89.840316
300897925,4,7,Saturday,7,35.2047,-89.84198
300897926,3,15,Saturday,15,35.190738,-89.869366
300897927,2,12,Saturday,12,35.204829,-89.840672
300897928,7,17,Saturday,17,35.205121,-89.791946
300897928,7,17,Saturday,17,35.205121,-89.791946
300897929,5,12,Sunday,12,35.238508,-89.853009
300897931,2,12,Monday,12,35.217016,-89.836132
300898099,4,7,Monday,7,35.220592,-89.88275
300898099,4,7,Monday,7,35.220592,-89.88275
300898100,5,8,Monday,8,35.258548,-89.866671
300898463,4,19,Saturday,19,35.218401,-89.872567
300898464,5,10,Wednesday,10,35.241957,-89.830293
300898465,4,14,Tuesday,14,35.20413,-89.871537
300898466,7,16,Wednesday,16,35.245931,-89.771922
300898469,3,16,Wednesday,16,35.201065,-89.868597
300898471,1,17,Wednesday,17,35.228455,-89.811051
300898472,5,0,Wednesday,0,35.268482,-89.841451
300898674,4,2,Saturday,2,35.211542,-89.866125
300898675,2,16,Wednesday,16,35.204919,-89.840424
300898677,1,9,Thursday,9,35.233029,-89.813066
300898678,6,12,Friday,12,35.257626,-89.793136
300899048,3,16,Saturday,16,35.204704,-89.864457
300899048,3,16,Saturday,16,35.204704,-89.864457
300899050,2,14,Friday,14,35.217171,-89.843774
300899575,4,11,Tuesday,11,35.204533,-89.857418
300899576,3,18,Tuesday,18,35.200769,-89.839478
300899576,3,18,Tuesday,18,35.200769,-89.839478
300899587,1,7,Monday,7,35.214576,-89.82521
300899588,4,15,Monday,15,35.204727,-89.86206
300899590,4,20,Friday,20,35.218314,-89.863684
300899590,4,20,Friday,20,35.218314,-89.863684
300899591,2,13,Saturday,13,35.217253,-89.836147
300899592,3,21,Saturday,21,35.195063,-89.856154
300899593,6,20,Saturday,20,35.260857,-89.813218
300899594,4,2,Sunday,2,35.207213,-89.870287
300902160,4,15,Monday,15,35.204478,-89.855521
300902161,4,15,Monday,15,35.204628,-89.856471
300903292,3,10,Monday,10,35.20485,-89.840547
300903314,6,21,Friday,21,35.257057,-89.793188
300908238,8,13,Monday,13,35.209851,-89.768399
300712405,5,12,Tuesday,12,35.238618,-89.829822
300712407,8,14,Tuesday,14,35.204777,-89.777725
300712407,8,14,Tuesday,14,35.204777,-89.777725
300713762,8,8,Thursday,8,35.218097,-89.791712
300713767,4,13,Thursday,13,35.211554,-89.848381
300713771,2,8,Friday,8,35.206127,-89.840576
300713772,4,0,Saturday,0,35.211483,-89.8682
300713773,5,15,Saturday,15,35.265636,-89.842026
300713775,7,18,Saturday,18,35.216549,-89.768772
300713776,4,9,Sunday,9,35.221185,-89.86355
300713776,4,9,Sunday,9,35.221185,-89.86355
300714195,1,17,Thursday,17,35.214592,-89.82516
300714197,6,20,Friday,20,35.235192,-89.796967
300715037,2,15,Thursday,15,35.205208,-89.83874
300715038,8,7,Wednesday,7,35.20834,-89.779274
300715066,8,16,Wednesday,16,35.211349,-89.81465
300715067,6,16,Wednesday,16,35.261314,-89.78346
300715068,2,17,Tuesday,17,35.22876,-89.836163
300715070,5,17,Wednesday,17,35.260338,-89.85578
300715072,3,19,Thursday,19,35.20252,-89.8647
300715320,6,15,Friday,15,35.254852,-89.77301
300715321,7,19,Friday,19,35.234191,-89.754714
300715345,1,16,Friday,16,35.229146,-89.81035
300715345,1,16,Friday,16,35.229146,-89.81035
300715346,3,17,Friday,17,35.204745,-89.840479
300715404,4,21,Friday,21,35.20488,-89.861374
300715664,3,12,Sunday,12,35.203027,-89.840378
300715819,6,14,Sunday,14,35.243646,-89.801126
300715820,4,15,Sunday,15,35.204747,-89.863562
300715820,4,15,Sunday,15,35.204747,-89.863562
300715897,6,7,Monday,7,35.253368,-89.804762
300716111,4,15,Monday,15,35.212953,-89.868235
300716111,4,15,Monday,15,35.212953,-89.868235
300716128,2,16,Monday,16,35.205393,-89.834674
300716128,2,16,Monday,16,35.205393,-89.834674
300716193,3,7,Tuesday,7,35.197546,-89.868919
300716203,4,10,Tuesday,10,35.228537,-89.848877
300716400,4,13,Tuesday,13,35.204577,-89.857468
300716401,2,5,Wednesday,5,35.233786,-89.837748
300716460,2,12,Monday,12,35.229354,-89.836235
300717570,4,22,Wednesday,22,35.22887,-89.83602
300717572,4,5,Thursday,5,35.204212,-89.87043
300717573,3,11,Thursday,11,35.203968,-89.840448
300717574,4,11,Thursday,11,35.221317,-89.86351
300717574,4,11,Thursday,11,35.221317,-89.86351
300717575,8,16,Thursday,16,35.204706,-89.777687
300717575,8,16,Thursday,16,35.204706,-89.777687
300717576,4,7,Friday,7,35.218049,-89.856889
300717578,3,13,Friday,13,35.204088,-89.869653
300717579,3,13,Saturday,13,35.19071,-89.87921
300717785,2,0,Sunday,0,35.20473,-89.84441
300717810,2,15,Sunday,15,35.20504,-89.839461
300717811,1,16,Sunday,16,35.213447,-89.823735
300717813,2,16,Sunday,16,35.205338,-89.837983
300718060,5,8,Sunday,8,35.236324,-89.8419
300718064,2,9,Monday,9,35.216671,-89.846744
300718358,7,17,Tuesday,17,35.239069,-89.789407
300718362,1,21,Tuesday,21,35.205383,-89.834508
300718362,1,21,Tuesday,21,35.205383,-89.834508
300718438,5,6,Wednesday,6,35.265568,-89.84433
300718627,3,16,Wednesday,16,35.2005,-89.839325
300718627,3,16,Wednesday,16,35.2005,-89.839325
300718693,8,8,Thursday,8,35.207561,-89.79207
300718703,3,11,Thursday,11,35.20472,-89.86445
300718703,3,11,Thursday,11,35.20472,-89.86445
300718916,4,17,Wednesday,17,35.218745,-89.868298
300719918,4,3,Saturday,3,35.20466,-89.85966
300719922,3,11,Sunday,11,35.200549,-89.839358
300719922,3,11,Sunday,11,35.200549,-89.839358
300719923,1,7,Monday,7,35.212908,-89.81439
300719923,1,7,Monday,7,35.212908,-89.81439
300719923,1,7,Monday,7,35.212908,-89.81439
300719923,1,7,Monday,7,35.212908,-89.81439
300719930,8,12,Monday,12,35.2076,-89.79192
300720160,4,13,Monday,13,35.205635,-89.862
300720221,4,16,Monday,16,35.22898,-89.85786
300720225,4,17,Tuesday,17,35.217664,-89.862964
300720225,4,17,Tuesday,17,35.217664,-89.862964
300807305,1,14,Thursday,14,35.214369,-89.825317
300807306,1,17,Thursday,17,35.212854,-89.814393
300807306,1,17,Thursday,17,35.212854,-89.814393
300807306,1,17,Thursday,17,35.212854,-89.814393
300807306,1,17,Thursday,17,35.212854,-89.814393
300807308,1,12,Wednesday,12,35.234937,-89.811857
300807310,5,20,Thursday,20,35.268555,-89.85502
300807313,6,21,Saturday,21,35.25677,-89.79311
300807314,1,15,Sunday,15,35.214542,-89.82516
300807534,3,17,Monday,17,35.202698,-89.864471
300807791,3,22,Friday,22,35.20451,-89.85817
300807792,8,17,Monday,17,35.204785,-89.777694
300807792,8,17,Monday,17,35.204785,-89.777694
300807793,6,14,Tuesday,14,35.245968,-89.771914
300808080,3,9,Thursday,9,35.199648,-89.85684
300808081,5,18,Wednesday,18,35.257018,-89.833107
300808081,5,18,Wednesday,18,35.257018,-89.833107
300808082,4,11,Wednesday,11,35.20581,-89.857216
300808083,5,17,Wednesday,17,35.257214,-89.85324
300808326,2,18,Wednesday,18,35.233128,-89.81914
300808327,2,0,Wednesday,0,35.219486,-89.844138
300808887,6,13,Friday,13,35.252938,-89.773985
300808888,1,9,Saturday,9,35.20527,-89.83459
300808888,1,9,Saturday,9,35.20527,-89.83459
300808889,6,13,Saturday,13,35.247908,-89.793223
300808891,1,21,Saturday,21,35.220336,-89.819355
300808892,7,12,Sunday,12,35.221485,-89.77531
300809021,5,17,Sunday,17,35.244865,-89.85127
300809440,3,11,Wednesday,11,35.197786,-89.842148
300809441,7,16,Monday,16,35.24146,-89.77211
300809445,2,7,Tuesday,7,35.214966,-89.825834
300809902,8,20,Saturday,20,35.207737,-89.76807
300809904,2,14,Wednesday,14,35.233959,-89.845095
300809906,4,16,Wednesday,16,35.218838,-89.8676
300810573,2,20,Saturday,20,35.205086,-89.84026
300810574,2,16,Friday,16,35.215512,-89.826473
300810575,4,13,Wednesday,13,35.204902,-89.868515
300810576,2,7,Wednesday,7,35.213396,-89.840128
300810577,1,20,Friday,20,35.216702,-89.808102
300810577,1,20,Friday,20,35.216702,-89.808102
300810577,1,20,Friday,20,35.216702,-89.808102
300810577,1,20,Friday,20,35.216702,-89.808102
300810578,3,12,Saturday,12,35.190371,-89.869296
300811069,6,16,Saturday,16,35.263648,-89.768636
300811075,3,17,Tuesday,17,35.205044,-89.83888
300811093,1,15,Tuesday,15,35.23376,-89.79344
300811334,7,7,Thursday,7,35.227524,-89.79203
300812070,3,18,Saturday,18,35.190445,-89.8532
300812410,4,15,Friday,15,35.205102,-89.880634
300812411,3,16,Saturday,16,35.204877,-89.840488
300812413,1,16,Saturday,16,35.205321,-89.834545
300812413,1,16,Saturday,16,35.205321,-89.834545
300812415,2,19,Saturday,19,35.21688,-89.830045
300812416,5,6,Sunday,6,35.242271,-89.861872
300812416,5,6,Sunday,6,35.242271,-89.861872
300812668,7,12,Friday,12,35.217448,-89.78445
300812669,2,19,Monday,19,35.20491,-89.83987
300812670,3,16,Monday,16,35.203923,-89.840461
300812671,4,15,Tuesday,15,35.204551,-89.865574
300812994,8,17,Tuesday,17,35.206216,-89.814815
300812995,1,16,Wednesday,16,35.213163,-89.817227
300812996,3,17,Wednesday,17,35.199978,-89.868065
300812997,3,0,Thursday,0,35.204565,-89.835262
300812998,1,7,Thursday,7,35.214579,-89.825162
300812999,1,11,Thursday,11,35.212955,-89.8145
300812999,1,11,Thursday,11,35.212955,-89.8145
300812999,1,11,Thursday,11,35.212955,-89.8145
300812999,1,11,Thursday,11,35.212955,-89.8145
300814541,4,20,Thursday,20,35.216635,-89.852615
300814760,3,13,Wednesday,13,35.193471,-89.846487
300890453,2,11,Thursday,11,35.209436,-89.84173
300890454,2,10,Thursday,10,35.208373,-89.840527
300891114,6,16,Thursday,16,35.24061,-89.785462
300891115,8,21,Saturday,21,35.205331,-89.814597
300891127,2,8,Saturday,8,35.20642,-89.840496
300891129,5,20,Saturday,20,35.259017,-89.833267
300891329,3,11,Monday,11,35.190484,-89.869183
300891330,3,11,Friday,11,35.199112,-89.868545
300891504,5,15,Tuesday,15,35.257033,-89.833165
300891504,5,15,Tuesday,15,35.257033,-89.833165
300891505,1,19,Tuesday,19,35.205023,-89.791827
300891505,1,19,Tuesday,19,35.205023,-89.791827
300891918,4,23,Friday,23,35.233874,-89.829063
300891922,7,14,Wednesday,14,35.238157,-89.780706
300892500,1,17,Wednesday,17,35.235928,-89.819105
300892503,4,18,Wednesday,18,35.233931,-89.858541
300892504,1,10,Friday,10,35.205558,-89.834007
300892504,1,10,Friday,10,35.205558,-89.834007
300892509,3,17,Friday,17,35.202851,-89.840478
300892510,3,12,Saturday,12,35.203449,-89.875722
300892512,5,15,Saturday,15,35.261453,-89.822356
300892513,4,17,Sunday,17,35.205169,-89.880583
300892519,6,20,Sunday,20,35.256201,-89.787329
300892565,2,16,Saturday,16,35.205147,-89.838836
300893911,1,15,Monday,15,35.216374,-89.791745
300893913,4,12,Tuesday,12,35.216586,-89.851417
300893914,4,7,Wednesday,7,35.204324,-89.872467
300893922,4,17,Sunday,17,35.21293,-89.868203
300893922,4,17,Sunday,17,35.21293,-89.868203
300893928,8,13,Sunday,13,35.216386,-89.791654
300893929,8,12,Sunday,12,35.204819,-89.777732
300893929,8,12,Sunday,12,35.204819,-89.777732
300893930,5,20,Saturday,20,35.262357,-89.83836
300893931,2,15,Friday,15,35.215496,-89.826462
300893932,3,16,Saturday,16,35.190603,-89.869296
300893936,6,12,Monday,12,35.244672,-89.793245
300893937,7,7,Monday,7,35.217204,-89.782185
300893941,2,17,Friday,17,35.220212,-89.835787
300893942,7,21,Saturday,21,35.216734,-89.776244
300894528,1,8,Monday,8,35.23212,-89.806663
300894533,2,13,Tuesday,13,35.206132,-89.840539
300894534,6,1,Tuesday,1,35.259072,-89.848916
300894535,3,11,Wednesday,11,35.20469,-89.843222
300894536,3,13,Wednesday,13,35.204791,-89.840624
300894537,2,15,Wednesday,15,35.233074,-89.819148
300894538,2,13,Thursday,13,35.205514,-89.834424
300894538,2,13,Thursday,13,35.205514,-89.834424
300894549,3,17,Tuesday,17,35.203776,-89.848072
300894701,8,13,Thursday,13,35.206198,-89.791946
300894703,3,6,Friday,6,35.200547,-89.839405
300894703,3,6,Friday,6,35.200547,-89.839405
300894704,7,6,Thursday,6,35.216727,-89.7762
300895447,6,17,Friday,17,35.266245,-89.792665
300895448,3,11,Tuesday,11,35.203668,-89.840551
300895454,1,12,Monday,12,35.216361,-89.79189
300895455,4,13,Monday,13,35.204602,-89.857411
300895459,5,8,Tuesday,8,35.241135,-89.837634
300895459,5,8,Tuesday,8,35.241135,-89.837634
300895466,1,18,Saturday,18,35.205145,-89.814781
300895469,4,9,Monday,9,35.21665,-89.846762
300895475,3,19,Friday,19,35.195973,-89.862114
300895476,6,10,Saturday,10,35.263405,-89.786093
300895477,5,0,Saturday,0,35.236531,-89.819159
300895481,6,13,Friday,13,35.261406,-89.784768
300895481,6,13,Friday,13,35.261406,-89.784768
300896497,5,10,Monday,10,35.241081,-89.837598
300896497,5,10,Monday,10,35.241081,-89.837598
300896502,2,18,Wednesday,18,35.215459,-89.826704
300896503,2,13,Thursday,13,35.204845,-89.840211
300896504,1,15,Thursday,15,35.223505,-89.792139
300896505,3,18,Thursday,18,35.202885,-89.864563
300896510,7,18,Sunday,18,35.239881,-89.772158
300896511,3,8,Monday,8,35.20058,-89.839402
300896511,3,8,Monday,8,35.20058,-89.839402
300896514,6,8,Wednesday,8,35.245356,-89.773418
300896515,3,12,Thursday,12,35.205369,-89.835833
300896516,3,12,Wednesday,12,35.190726,-89.8692
300896517,6,5,Sunday,5,35.253347,-89.78776
300896519,1,16,Monday,16,35.220859,-89.818684
300896964,3,6,Wednesday,6,35.202878,-89.864564
300896965,2,6,Tuesday,6,35.216946,-89.836046
300897014,1,10,Monday,10,35.21455,-89.82518
300898098,2,8,Monday,8,35.234589,-89.838023
300898673,6,12,Tuesday,12,35.244203,-89.793276
102915886,4,10,Friday,10,35.27146,-89.85931
300689745,8,15,Wednesday,15,35.207664,-89.792534
300689813,8,7,Wednesday,7,35.21007,-89.77407
300690036,3,16,Thursday,16,35.204994,-89.834877
300690036,3,16,Thursday,16,35.204994,-89.834877
300690037,2,17,Thursday,17,35.208397,-89.84056
300690381,4,22,Thursday,22,35.213063,-89.870048
300690727,4,19,Saturday,19,35.204807,-89.86319
300690728,3,20,Saturday,20,35.20094,-89.839709
300690728,3,20,Saturday,20,35.20094,-89.839709
300690729,2,11,Sunday,11,35.213327,-89.839902
300690730,4,14,Sunday,14,35.229268,-89.856854
300691191,4,20,Friday,20,35.21291,-89.868184
300691191,4,20,Friday,20,35.21291,-89.868184
300691764,2,8,Friday,8,35.204838,-89.840626
300692160,4,12,Saturday,12,35.204586,-89.85736
300692163,2,16,Friday,16,35.226536,-89.846382
300692164,4,16,Friday,16,35.204884,-89.86155
300692167,3,20,Wednesday,20,35.203106,-89.836737
300692167,3,20,Wednesday,20,35.203106,-89.836737
300692168,2,14,Friday,14,35.20488,-89.840485
300692169,5,15,Friday,15,35.240486,-89.837604
300692169,5,15,Friday,15,35.240486,-89.837604
300692170,1,13,Friday,13,35.23382,-89.79362
300692174,3,18,Tuesday,18,35.204643,-89.86402
300692174,3,18,Tuesday,18,35.204643,-89.86402
300692175,1,18,Tuesday,18,35.22709,-89.80829
300692179,4,13,Monday,13,35.2107,-89.863347
300692180,3,9,Tuesday,9,35.20337,-89.8686
300692190,8,16,Friday,16,35.216725,-89.791663
300692407,2,12,Thursday,12,35.227293,-89.835719
300692410,4,17,Monday,17,35.204171,-89.868514
300692618,3,16,Monday,16,35.20462,-89.86445
300692618,3,16,Monday,16,35.20462,-89.86445
300692619,5,20,Tuesday,20,35.259556,-89.822952
300692622,3,17,Tuesday,17,35.20477,-89.863519
300692622,3,17,Tuesday,17,35.20477,-89.863519
300692931,7,14,Saturday,14,35.212874,-89.759067
300692934,3,11,Wednesday,11,35.204742,-89.842384
300693857,1,19,Wednesday,19,35.228781,-89.810165
300693857,1,19,Wednesday,19,35.228781,-89.810165
300693860,1,21,Friday,21,35.216654,-89.808149
300693860,1,21,Friday,21,35.216654,-89.808149
300693860,1,21,Friday,21,35.216654,-89.808149
300693860,1,21,Friday,21,35.216654,-89.808149
300693865,3,7,Sunday,7,35.19435,-89.86476
300693894,8,12,Friday,12,35.216398,-89.791683
300694087,7,22,Monday,22,35.216619,-89.771392
300694123,7,12,Monday,12,35.245884,-89.771721
300694128,1,17,Monday,17,35.213326,-89.820298
300694130,1,13,Monday,13,35.204964,-89.79194
300694175,2,12,Tuesday,12,35.21763,-89.846136
300694326,3,16,Tuesday,16,35.199893,-89.840081
300694631,6,8,Wednesday,8,35.263625,-89.768697
300694632,4,14,Wednesday,14,35.207012,-89.86847
300694633,4,15,Wednesday,15,35.229967,-89.865144
300694634,7,7,Thursday,7,35.217139,-89.781435
300694852,5,20,Saturday,20,35.257165,-89.833148
300694852,5,20,Saturday,20,35.257165,-89.833148
300694853,3,21,Friday,21,35.203554,-89.864297
300695636,2,19,Saturday,19,35.204918,-89.847339
300695637,3,13,Friday,13,35.210747,-89.84002
300695638,3,15,Friday,15,35.192641,-89.847738
300695638,3,15,Friday,15,35.192641,-89.847738
300695639,4,14,Friday,14,35.221349,-89.863643
300695639,4,14,Friday,14,35.221349,-89.863643
300695640,2,16,Friday,16,35.205232,-89.838605
300695641,6,16,Friday,16,35.261931,-89.768787
300696156,3,13,Sunday,13,35.204581,-89.864223
300696156,3,13,Sunday,13,35.204581,-89.864223
300696157,2,15,Monday,15,35.205551,-89.84056
300696158,2,11,Tuesday,11,35.205395,-89.83456
300696158,2,11,Tuesday,11,35.205395,-89.83456
300696159,3,12,Tuesday,12,35.198709,-89.868663
300696160,3,14,Tuesday,14,35.198609,-89.868836
300696161,3,15,Tuesday,15,35.190345,-89.85495
300696439,4,15,Wednesday,15,35.221059,-89.864135
300696439,4,15,Wednesday,15,35.221059,-89.864135
103232320,4,23,Wednesday,23,35.27599,-89.85479
300784566,5,0,Thursday,0,35.258935,-89.871582
300784589,2,11,Wednesday,11,35.219598,-89.820271
300784621,6,7,Friday,7,35.248726,-89.816637
300784622,2,7,Friday,7,35.216981,-89.836126
300784624,3,13,Friday,13,35.200361,-89.839648
300784624,3,13,Friday,13,35.200361,-89.839648
300784625,2,9,Saturday,9,35.217037,-89.83558
300784627,4,14,Saturday,14,35.21015,-89.87607
300784628,5,16,Saturday,16,35.233851,-89.855973
300784629,3,7,Sunday,7,35.200554,-89.83938
300784629,3,7,Sunday,7,35.200554,-89.83938
300784630,2,14,Sunday,14,35.20841,-89.84059
300784631,6,12,Monday,12,35.240611,-89.785591
300784830,3,14,Sunday,14,35.200214,-89.83976
300784830,3,14,Sunday,14,35.200214,-89.83976
300784831,3,15,Saturday,15,35.204945,-89.834927
300784831,3,15,Saturday,15,35.204945,-89.834927
300784967,1,12,Tuesday,12,35.20541,-89.834006
300784967,1,12,Tuesday,12,35.20541,-89.834006
300785183,2,17,Tuesday,17,35.204704,-89.845055
300785184,7,8,Wednesday,8,35.231697,-89.79295
300785185,1,17,Tuesday,17,35.228949,-89.810495
300785185,1,17,Tuesday,17,35.228949,-89.810495
300786090,3,18,Thursday,18,35.20533,-89.834567
300786090,3,18,Thursday,18,35.20533,-89.834567
300786091,4,18,Wednesday,18,35.221248,-89.863828
300786091,4,18,Wednesday,18,35.221248,-89.863828
300786092,2,17,Thursday,17,35.204721,-89.845816
300786095,6,8,Friday,8,35.237469,-89.793435
300786095,6,8,Friday,8,35.237469,-89.793435
300786096,5,7,Friday,7,35.254609,-89.858677
300786097,1,19,Saturday,19,35.204918,-89.81459
300786098,5,16,Friday,16,35.265974,-89.857386
300786377,4,9,Monday,9,35.219445,-89.875733
300786378,8,13,Monday,13,35.20501,-89.80234
300786378,8,13,Monday,13,35.20501,-89.80234
300786379,3,16,Monday,16,35.204678,-89.84048
300787740,2,13,Tuesday,13,35.216989,-89.836076
300787742,1,17,Tuesday,17,35.205402,-89.834496
300787742,1,17,Tuesday,17,35.205402,-89.834496
300787750,4,17,Tuesday,17,35.226635,-89.846725
300787751,7,12,Wednesday,12,35.209371,-89.769
300787752,5,13,Wednesday,13,35.265167,-89.83483
300787757,4,15,Thursday,15,35.204723,-89.847883
300787758,4,15,Thursday,15,35.204716,-89.86426
300787758,4,15,Thursday,15,35.204716,-89.86426
300787759,3,18,Thursday,18,35.200527,-89.839455
300787759,3,18,Thursday,18,35.200527,-89.839455
300787999,3,8,Monday,8,35.19014,-89.85045
300787999,3,8,Monday,8,35.19014,-89.85045
300788011,4,13,Monday,13,35.218745,-89.867935
300788578,2,7,Wednesday,7,35.20507,-89.84145
300788579,6,7,Thursday,7,35.256903,-89.765631
300788844,3,16,Thursday,16,35.204323,-89.83555
300789469,6,7,Thursday,7,35.26197,-89.80628
300789471,1,7,Friday,7,35.216084,-89.79168
300789472,1,10,Friday,10,35.218327,-89.79516
300789474,1,12,Friday,12,35.213974,-89.824326
300789476,2,16,Friday,16,35.205177,-89.839386
300789477,1,18,Friday,18,35.228092,-89.81198
300789479,1,18,Friday,18,35.216377,-89.79169
300789481,2,17,Sunday,17,35.205508,-89.836441
300789738,2,7,Monday,7,35.228784,-89.839177
300789739,3,12,Monday,12,35.205286,-89.834559
300789739,3,12,Monday,12,35.205286,-89.834559
300789740,2,6,Tuesday,6,35.216964,-89.836041
300790222,3,10,Friday,10,35.20414,-89.853294
300790223,8,12,Tuesday,12,35.204243,-89.784836
300790226,1,0,Tuesday,0,35.205743,-89.824856
300790227,2,15,Wednesday,15,35.204854,-89.84057
300790228,3,20,Wednesday,20,35.20466,-89.83968
300791211,3,14,Saturday,14,35.200429,-89.867233
300791212,4,14,Monday,14,35.206276,-89.88611
300791215,4,14,Thursday,14,35.206863,-89.86865
300791218,5,18,Thursday,18,35.257385,-89.8332
300791218,5,18,Thursday,18,35.257385,-89.8332
300792223,4,14,Wednesday,14,35.218733,-89.867881
300870227,2,5,Wednesday,5,35.231373,-89.833397
300871561,1,12,Wednesday,12,35.205036,-89.792023
300871561,1,12,Wednesday,12,35.205036,-89.792023
300871570,4,6,Thursday,6,35.218847,-89.867692
300871577,4,10,Friday,10,35.204757,-89.861495
300871581,4,12,Friday,12,35.204742,-89.861506
300871582,4,16,Saturday,16,35.210237,-89.880544
300871582,4,16,Saturday,16,35.210237,-89.880544
300871586,5,15,Sunday,15,35.247156,-89.85127
300871592,3,16,Sunday,16,35.204762,-89.863303
300871594,3,18,Friday,18,35.204665,-89.85742
300871802,3,8,Sunday,8,35.194074,-89.869285
300871803,6,8,Tuesday,8,35.261339,-89.784733
300871803,6,8,Tuesday,8,35.261339,-89.784733
300871804,2,18,Tuesday,18,35.20494,-89.840433
300871808,5,0,Saturday,0,35.261733,-89.835299
300872032,3,11,Tuesday,11,35.20361,-89.840414
300872044,6,12,Wednesday,12,35.261354,-89.784806
300872044,6,12,Wednesday,12,35.261354,-89.784806
300872045,6,11,Wednesday,11,35.252788,-89.77413
300873024,2,14,Monday,14,35.204908,-89.840194
300873029,4,16,Saturday,16,35.218833,-89.868778
300873039,6,11,Saturday,11,35.26364,-89.7685
300873045,4,9,Thursday,9,35.204759,-89.862077
300873046,6,10,Friday,10,35.261693,-89.795004
300873047,5,10,Thursday,10,35.25724,-89.833292
300873047,5,10,Thursday,10,35.25724,-89.833292
300873048,3,11,Thursday,11,35.204853,-89.840467
300873049,4,18,Friday,18,35.206944,-89.87925
300873050,4,18,Saturday,18,35.204758,-89.864231
300873050,4,18,Saturday,18,35.204758,-89.864231
300873051,7,18,Sunday,18,35.246204,-89.772436
300873373,8,14,Tuesday,14,35.215046,-89.813541
300873379,1,17,Monday,17,35.218262,-89.791737
300873387,4,10,Thursday,10,35.204916,-89.868551
300873519,4,6,Monday,6,35.22393,-89.862269
300873520,1,0,Thursday,0,35.226485,-89.798083
300873521,6,18,Thursday,18,35.250175,-89.773879
300874433,4,16,Sunday,16,35.21341,-89.879784
300874443,2,17,Monday,17,35.216831,-89.838056
300874448,3,8,Thursday,8,35.203098,-89.86866
300874449,6,12,Friday,12,35.265924,-89.79322
300874450,4,11,Saturday,11,35.230892,-89.850961
300874452,4,6,Tuesday,6,35.218829,-89.867923
300875762,2,12,Sunday,12,35.216863,-89.831086
300875765,2,7,Sunday,7,35.216926,-89.836193
300875778,5,22,Thursday,22,35.240087,-89.84097
300875781,2,16,Thursday,16,35.219499,-89.82014
300875782,4,15,Friday,15,35.209943,-89.868314
300875782,4,15,Friday,15,35.209943,-89.868314
300875787,1,6,Thursday,6,35.233548,-89.801712
300875788,6,8,Thursday,8,35.234995,-89.811854
300875789,7,11,Thursday,11,35.208574,-89.791824
300875790,8,19,Tuesday,19,35.207396,-89.814576
300875791,4,13,Wednesday,13,35.204656,-89.864287
300875791,4,13,Wednesday,13,35.204656,-89.864287
300875792,4,14,Wednesday,14,35.218753,-89.868169
300875793,3,16,Wednesday,16,35.198079,-89.849674
300875794,3,8,Saturday,8,35.204673,-89.847987
300875802,4,13,Tuesday,13,35.204752,-89.862035
300876016,4,20,Friday,20,35.208719,-89.882909
300876017,7,16,Monday,16,35.23742,-89.793698
300876017,7,16,Monday,16,35.23742,-89.793698
300877380,1,14,Tuesday,14,35.2164,-89.791663
300877381,5,14,Wednesday,14,35.264736,-89.851549
300877382,4,12,Friday,12,35.218571,-89.863089
300877382,4,12,Friday,12,35.218571,-89.863089
300877389,1,8,Wednesday,8,35.216322,-89.791659
300877391,8,19,Tuesday,19,35.204727,-89.79201
300877392,7,17,Wednesday,17,35.245722,-89.772519
300877395,7,22,Wednesday,22,35.221732,-89.775298
300877396,3,21,Friday,21,35.205369,-89.834385
300877396,3,21,Friday,21,35.205369,-89.834385
300879164,2,13,Friday,13,35.212294,-89.839072
300879167,8,20,Friday,20,35.207569,-89.792192
300880122,4,8,Tuesday,8,35.206624,-89.884693
300880138,1,12,Thursday,12,35.213,-89.814326
300880138,1,12,Thursday,12,35.213,-89.814326
300880138,1,12,Thursday,12,35.213,-89.814326
300880138,1,12,Thursday,12,35.213,-89.814326
300982599,2,17,Tuesday,17,35.20536,-89.838031
102976262,4,6,Tuesday,6,35.2735,-89.85727
300678442,4,10,Saturday,10,35.211949,-89.873554
300705268,3,13,Monday,13,35.204735,-89.84308
300705269,1,18,Tuesday,18,35.21278,-89.81451
300705269,1,18,Tuesday,18,35.21278,-89.81451
300705269,1,18,Tuesday,18,35.21278,-89.81451
300705269,1,18,Tuesday,18,35.21278,-89.81451
300705577,4,17,Thursday,17,35.204235,-89.86798
300705615,3,16,Thursday,16,35.204147,-89.86851
300705896,3,14,Saturday,14,35.204723,-89.85984
300706321,2,17,Sunday,17,35.207621,-89.844035
300706322,4,20,Tuesday,20,35.204162,-89.868333
300706323,7,14,Sunday,14,35.241389,-89.772131
300706324,3,14,Sunday,14,35.204765,-89.8642
300706324,3,14,Sunday,14,35.204765,-89.8642
300706414,1,14,Saturday,14,35.229584,-89.809954
300706414,1,14,Saturday,14,35.229584,-89.809954
300706415,1,10,Sunday,10,35.212949,-89.814374
300706415,1,10,Sunday,10,35.212949,-89.814374
300706415,1,10,Sunday,10,35.212949,-89.814374
300706415,1,10,Sunday,10,35.212949,-89.814374
300706576,5,4,Monday,4,35.2561,-89.84458
300706656,4,10,Tuesday,10,35.204647,-89.85874
300706657,2,12,Tuesday,12,35.205325,-89.840476
300707852,4,16,Tuesday,16,35.206407,-89.857164
300707853,4,19,Tuesday,19,35.204695,-89.874702
300707854,2,16,Wednesday,16,35.204761,-89.847805
300707855,5,7,Thursday,7,35.257904,-89.86144
300707857,1,15,Thursday,15,35.217811,-89.821825
300707859,1,9,Friday,9,35.21297,-89.81445
300707859,1,9,Friday,9,35.21297,-89.81445
300707859,1,9,Friday,9,35.21297,-89.81445
300707859,1,9,Friday,9,35.21297,-89.81445
300707860,4,10,Friday,10,35.213085,-89.87451
300707862,4,15,Friday,15,35.204803,-89.84826
300708051,8,14,Saturday,14,35.204734,-89.791948
300708051,8,14,Saturday,14,35.204734,-89.791948
300708052,5,14,Saturday,14,35.256859,-89.848758
300708054,2,18,Saturday,18,35.204847,-89.840844
300708530,4,16,Monday,16,35.216258,-89.86319
300708619,4,9,Tuesday,9,35.213667,-89.868134
300708802,2,9,Tuesday,9,35.20724,-89.84611
300708803,1,12,Tuesday,12,35.205416,-89.834333
300708803,1,12,Tuesday,12,35.205416,-89.834333
300708884,5,10,Wednesday,10,35.237399,-89.851249
300709101,2,12,Wednesday,12,35.207788,-89.840626
300709102,8,13,Wednesday,13,35.204995,-89.802319
300709102,8,13,Wednesday,13,35.204995,-89.802319
300709103,6,16,Wednesday,16,35.237273,-89.793469
300709103,6,16,Wednesday,16,35.237273,-89.793469
300709150,1,17,Wednesday,17,35.227444,-89.811537
300710360,1,12,Thursday,12,35.228778,-89.81064
300710360,1,12,Thursday,12,35.228778,-89.81064
300710361,8,15,Friday,15,35.2048,-89.79204
300710361,8,15,Friday,15,35.2048,-89.79204
300710362,5,8,Friday,8,35.26266,-89.8619
300710363,2,17,Thursday,17,35.205185,-89.838998
300710364,3,9,Friday,9,35.200684,-89.839325
300710364,3,9,Friday,9,35.200684,-89.839325
300710365,7,12,Friday,12,35.218171,-89.748537
300710366,1,13,Friday,13,35.233878,-89.801671
300710368,8,18,Friday,18,35.21636,-89.791916
300710372,3,2,Saturday,2,35.188126,-89.86961
300710386,7,15,Saturday,15,35.23693,-89.79342
300710386,7,15,Saturday,15,35.23693,-89.79342
300710388,2,21,Saturday,21,35.232033,-89.83885
300710389,4,15,Saturday,15,35.204726,-89.847794
300710441,7,14,Monday,14,35.244323,-89.776008
300710927,3,16,Monday,16,35.204867,-89.840405
300710928,4,20,Tuesday,20,35.20472,-89.862071
300711541,4,7,Thursday,7,35.21311,-89.863395
300711542,2,14,Friday,14,35.229115,-89.836205
300711543,2,17,Friday,17,35.205222,-89.838699
300712378,8,13,Friday,13,35.217233,-89.791742
300712379,6,22,Saturday,22,35.264473,-89.79977
300712380,5,11,Sunday,11,35.241291,-89.846581
300712381,3,13,Sunday,13,35.19915,-89.868525
300712393,6,16,Monday,16,35.251305,-89.793304
300798609,2,0,Sunday,0,35.223551,-89.819301
300798612,2,15,Monday,15,35.20614,-89.840385
300798859,6,17,Monday,17,35.263622,-89.76871
300798860,3,21,Tuesday,21,35.200668,-89.839185
300798860,3,21,Tuesday,21,35.200668,-89.839185
300799500,6,17,Thursday,17,35.261172,-89.822357
300799502,1,8,Thursday,8,35.213057,-89.814817
300799502,1,8,Thursday,8,35.213057,-89.814817
300799502,1,8,Thursday,8,35.213057,-89.814817
300799502,1,8,Thursday,8,35.213057,-89.814817
300799503,6,15,Thursday,15,35.244932,-89.842987
300799504,2,17,Thursday,17,35.204831,-89.840559
300799505,4,18,Thursday,18,35.21835,-89.863556
300800221,4,15,Tuesday,15,35.204624,-89.85631
300800222,1,14,Friday,14,35.225804,-89.807729
300800223,7,16,Friday,16,35.21661,-89.771286
300800224,6,16,Friday,16,35.235852,-89.797484
300800245,6,13,Sunday,13,35.260147,-89.812843
300800263,1,12,Saturday,12,35.219585,-89.7919
300800507,4,20,Sunday,20,35.217377,-89.87873
300800508,3,14,Monday,14,35.205456,-89.83495
300800508,3,14,Monday,14,35.205456,-89.83495
300802096,2,2,Saturday,2,35.209248,-89.84041
300802096,2,2,Saturday,2,35.209248,-89.84041
300802097,5,18,Thursday,18,35.262486,-89.85224
300802098,2,15,Wednesday,15,35.204823,-89.84049
300802099,2,0,Wednesday,0,35.22749,-89.81939
300802100,2,20,Thursday,20,35.220703,-89.835821
300802101,7,6,Friday,6,35.233247,-89.754876
300802102,2,16,Friday,16,35.205055,-89.83944
300802106,2,18,Friday,18,35.21991,-89.836136
300802108,3,13,Saturday,13,35.204627,-89.862951
300802109,8,13,Saturday,13,35.20527,-89.777702
300802110,3,14,Saturday,14,35.20348,-89.86433
300802111,5,14,Sunday,14,35.253585,-89.808468
300802113,8,14,Sunday,14,35.241433,-89.772113
300802114,1,17,Sunday,17,35.230037,-89.799755
300802335,3,18,Monday,18,35.190655,-89.86908
300803945,1,15,Thursday,15,35.212932,-89.814399
300803945,1,15,Thursday,15,35.212932,-89.814399
300803945,1,15,Thursday,15,35.212932,-89.814399
300803945,1,15,Thursday,15,35.212932,-89.814399
300803946,3,15,Sunday,15,35.190732,-89.869322
300803947,4,9,Thursday,9,35.21301,-89.87045
300803948,4,15,Sunday,15,35.204735,-89.853994
300803949,8,12,Tuesday,12,35.211422,-89.81461
300803950,8,17,Monday,17,35.204809,-89.802305
300803950,8,17,Monday,17,35.204809,-89.802305
300803951,1,17,Tuesday,17,35.227664,-89.811857
300803952,3,18,Tuesday,18,35.20039,-89.83954
300803952,3,18,Tuesday,18,35.20039,-89.83954
300803953,1,19,Tuesday,19,35.237341,-89.793774
300803953,1,19,Tuesday,19,35.237341,-89.793774
300803957,3,9,Wednesday,9,35.200562,-89.839387
300803957,3,9,Wednesday,9,35.200562,-89.839387
300803958,5,7,Wednesday,7,35.259122,-89.853022
300803961,2,15,Tuesday,15,35.227554,-89.80801
300803962,6,2,Thursday,2,35.249104,-89.793396
300803963,5,16,Thursday,16,35.265585,-89.839455
300803964,5,12,Thursday,12,35.257946,-89.85221
300803965,1,17,Thursday,17,35.221893,-89.81536
300804238,2,11,Friday,11,35.222268,-89.824934
300804239,7,9,Friday,9,35.223804,-89.746855
300804240,4,12,Friday,12,35.230986,-89.851506
300804241,5,23,Friday,23,35.259304,-89.840096
300804242,5,21,Saturday,21,35.238113,-89.835132
300804243,1,0,Sunday,0,35.20541,-89.82723
300804722,4,11,Tuesday,11,35.20459,-89.857351
300804723,3,8,Friday,8,35.199932,-89.84004
300804727,5,8,Tuesday,8,35.264732,-89.84605
300804729,1,13,Tuesday,13,35.214334,-89.825283
300804731,3,7,Wednesday,7,35.20088,-89.83964
300804731,3,7,Wednesday,7,35.20088,-89.83964
300804733,8,18,Wednesday,18,35.20477,-89.77769
300804733,8,18,Wednesday,18,35.20477,-89.77769
300805869,1,13,Wednesday,13,35.204712,-89.79202
300805869,1,13,Wednesday,13,35.204712,-89.79202
300805870,4,21,Wednesday,21,35.204697,-89.86423
300805870,4,21,Wednesday,21,35.204697,-89.86423
300805871,4,18,Thursday,18,35.205355,-89.883445
300805873,8,14,Friday,14,35.204693,-89.77872
300805874,2,17,Saturday,17,35.205358,-89.838045
300805877,2,20,Saturday,20,35.229015,-89.83638
300805878,4,4,Sunday,4,35.204166,-89.86851
300805881,7,15,Sunday,15,35.241478,-89.7721
300805882,4,17,Monday,17,35.22658,-89.84071
300806414,2,13,Tuesday,13,35.216583,-89.845298
300806419,4,18,Tuesday,18,35.204487,-89.84817
300806420,8,16,Tuesday,16,35.204869,-89.777651
300806420,8,16,Tuesday,16,35.204869,-89.777651
300884028,1,21,Monday,21,35.218658,-89.80274
300884031,3,18,Monday,18,35.200556,-89.867756
300884659,6,20,Tuesday,20,35.204357,-89.847543
300884660,8,16,Tuesday,16,35.216345,-89.791901
300884661,8,10,Wednesday,10,35.209116,-89.797835
300884662,5,19,Tuesday,19,35.241079,-89.837688
300884662,5,19,Tuesday,19,35.241079,-89.837688
300884666,7,19,Wednesday,19,35.219312,-89.761176
300884671,1,14,Wednesday,14,35.212983,-89.814685
300884671,1,14,Wednesday,14,35.212983,-89.814685
300884671,1,14,Wednesday,14,35.212983,-89.814685
300884671,1,14,Wednesday,14,35.212983,-89.814685
300884672,1,15,Wednesday,15,35.232453,-89.806107
300884673,2,14,Wednesday,14,35.214396,-89.835527
300884674,7,16,Wednesday,16,35.234969,-89.79972
300884676,3,8,Thursday,8,35.204571,-89.86539
300884972,1,0,Saturday,0,35.220094,-89.818048
300886034,5,7,Thursday,7,35.257448,-89.856175
300886232,2,15,Thursday,15,35.219524,-89.820157
300886234,5,17,Thursday,17,35.258981,-89.833267
300886238,7,11,Sunday,11,35.220685,-89.786716
300886239,4,16,Tuesday,16,35.204139,-89.870549
300886240,3,7,Monday,7,35.204529,-89.864244
300886240,3,7,Monday,7,35.204529,-89.864244
300886241,3,20,Thursday,20,35.190435,-89.869322
300886244,6,22,Saturday,22,35.24339,-89.819243
300886246,1,15,Monday,15,35.214467,-89.825082
300886254,3,19,Wednesday,19,35.204675,-89.864181
300886254,3,19,Wednesday,19,35.204675,-89.864181
300886265,8,9,Saturday,9,35.207338,-89.777917
300886266,4,15,Monday,15,35.204785,-89.863206
300886267,8,15,Friday,15,35.209569,-89.777807
300886268,4,11,Monday,11,35.204752,-89.861495
300886954,3,10,Monday,10,35.192271,-89.854885
300887169,4,18,Sunday,18,35.208588,-89.885696
300887170,5,17,Sunday,17,35.265505,-89.842046
300887171,7,18,Monday,18,35.237478,-89.793437
300887171,7,18,Monday,18,35.237478,-89.793437
300888700,2,14,Wednesday,14,35.220458,-89.819162
300888701,4,16,Wednesday,16,35.205838,-89.857241
300888703,3,20,Tuesday,20,35.201082,-89.868838
300888704,1,20,Wednesday,20,35.20534,-89.834509
300888704,1,20,Wednesday,20,35.20534,-89.834509
300888705,8,17,Sunday,17,35.218075,-89.791716
300888706,8,7,Tuesday,7,35.205503,-89.791999
300888711,3,7,Tuesday,7,35.204339,-89.844367
300888712,8,14,Friday,14,35.204736,-89.792051
300888712,8,14,Friday,14,35.204736,-89.792051
300888714,2,13,Monday,13,35.205136,-89.839871
300888724,4,19,Tuesday,19,35.204681,-89.864223
300888724,4,19,Tuesday,19,35.204681,-89.864223
300888725,7,13,Wednesday,13,35.23864,-89.790549
300888726,4,17,Friday,17,35.216488,-89.846795
300888727,8,13,Sunday,13,35.213251,-89.81434
300888727,8,13,Sunday,13,35.213251,-89.81434
300888727,8,13,Sunday,13,35.213251,-89.81434
300888727,8,13,Sunday,13,35.213251,-89.81434
300888728,8,22,Monday,22,35.204807,-89.791978
300888728,8,22,Monday,22,35.204807,-89.791978
300888729,1,16,Tuesday,16,35.234935,-89.81192
300888731,3,5,Tuesday,5,35.204521,-89.874117
300890129,3,11,Friday,11,35.204529,-89.86544
300890131,1,17,Tuesday,17,35.224395,-89.815124
300890132,3,17,Tuesday,17,35.204649,-89.865112
300890133,8,23,Tuesday,23,35.208986,-89.791815
300890134,1,8,Wednesday,8,35.228415,-89.809608
300890135,4,7,Wednesday,7,35.22456,-89.847147
300890138,5,21,Thursday,21,35.257064,-89.850211
300890139,1,14,Friday,14,35.20527,-89.814715
300890140,3,15,Sunday,15,35.199968,-89.867974
300890142,1,14,Monday,14,35.232667,-89.805634
300890143,4,14,Monday,14,35.207996,-89.876043
300890144,4,13,Tuesday,13,35.212457,-89.870506
300890146,5,17,Tuesday,17,35.236926,-89.845794
300890212,4,1,Wednesday,1,35.213105,-89.875518
300890213,1,10,Wednesday,10,35.205557,-89.834391
300890213,1,10,Wednesday,10,35.205557,-89.834391
300890449,4,5,Tuesday,5,35.208253,-89.868469
300890450,1,22,Wednesday,22,35.218551,-89.807935
300890452,4,6,Wednesday,6,35.220173,-89.879386
300898672,1,0,Wednesday,0,35.230622,-89.793196
300753159,5,5,Monday,5,35.258644,-89.827545
300753160,5,8,Monday,8,35.258152,-89.85313
300753161,4,10,Tuesday,10,35.205596,-89.880668
300753162,8,15,Tuesday,15,35.204742,-89.79198
300753162,8,15,Tuesday,15,35.204742,-89.79198
300753164,3,19,Tuesday,19,35.194802,-89.845149
300753165,1,18,Tuesday,18,35.233966,-89.80165
300753258,3,9,Wednesday,9,35.204342,-89.848018
300753291,2,16,Tuesday,16,35.222241,-89.84109
300753527,4,11,Wednesday,11,35.204739,-89.862046
300753536,7,14,Wednesday,14,35.216542,-89.768776
300753537,6,12,Wednesday,12,35.245876,-89.771573
300753540,4,7,Thursday,7,35.221301,-89.863607
300753540,4,7,Thursday,7,35.221301,-89.863607
300753800,5,20,Wednesday,20,35.241631,-89.853657
300753877,1,6,Friday,6,35.229029,-89.810372
300753877,1,6,Friday,6,35.229029,-89.810372
300754698,2,16,Friday,16,35.205253,-89.838453
300754699,6,18,Friday,18,35.26403,-89.76605
300754700,7,14,Friday,14,35.217075,-89.837685
300754702,6,21,Saturday,21,35.257496,-89.792892
300754703,8,22,Sunday,22,35.204906,-89.795845
300754711,1,7,Monday,7,35.21935,-89.81989
300754712,8,13,Saturday,13,35.20543,-89.79185
300755514,4,14,Monday,14,35.216347,-89.86798
300755536,2,6,Monday,6,35.21708,-89.839745
300755537,8,18,Monday,18,35.20926,-89.802055
300755538,6,18,Tuesday,18,35.26361,-89.768715
300755539,3,7,Wednesday,7,35.200523,-89.83941
300755539,3,7,Wednesday,7,35.200523,-89.83941
300755540,5,11,Tuesday,11,35.25016,-89.845535
300755542,2,20,Wednesday,20,35.205338,-89.834435
300755542,2,20,Wednesday,20,35.205338,-89.834435
300755543,5,20,Wednesday,20,35.235014,-89.836114
300755812,4,14,Wednesday,14,35.22044,-89.883064
300755812,4,14,Wednesday,14,35.22044,-89.883064
300755814,3,15,Wednesday,15,35.203133,-89.840355
300755815,4,12,Thursday,12,35.204886,-89.868683
300755816,4,15,Thursday,15,35.221394,-89.863513
300755816,4,15,Thursday,15,35.221394,-89.863513
300755817,8,17,Thursday,17,35.216391,-89.791622
300755878,8,8,Friday,8,35.205804,-89.791924
300755889,1,13,Friday,13,35.220453,-89.81855
300756114,8,11,Friday,11,35.207417,-89.814545
300756117,2,14,Friday,14,35.204811,-89.841116
300756407,2,7,Wednesday,7,35.21695,-89.836296
300756440,8,11,Sunday,11,35.204999,-89.795748
300756669,8,10,Sunday,10,35.2058,-89.79208
300756670,2,18,Sunday,18,35.216885,-89.836098
300757001,4,11,Monday,11,35.20468,-89.86421
300757001,4,11,Monday,11,35.20468,-89.86421
300757002,4,11,Monday,11,35.20951,-89.863655
300757003,4,7,Wednesday,7,35.218682,-89.867251
300757016,1,7,Tuesday,7,35.212677,-89.814415
300757016,1,7,Tuesday,7,35.212677,-89.814415
300757016,1,7,Tuesday,7,35.212677,-89.814415
300757016,1,7,Tuesday,7,35.212677,-89.814415
300757017,4,11,Tuesday,11,35.20464,-89.864296
300757017,4,11,Tuesday,11,35.20464,-89.864296
300757277,8,14,Tuesday,14,35.228687,-89.808868
300757278,6,16,Friday,16,35.247887,-89.79326
300757280,3,17,Tuesday,17,35.199901,-89.867956
300757281,8,22,Tuesday,22,35.204908,-89.791799
300757282,6,8,Wednesday,8,35.238461,-89.790988
300757428,2,12,Monday,12,35.21675,-89.846725
300757429,7,11,Wednesday,11,35.218296,-89.748085
300757430,4,6,Wednesday,6,35.204773,-89.86169
300757431,8,19,Saturday,19,35.204885,-89.791816
300759021,3,0,Thursday,0,35.190014,-89.876215
300759056,6,15,Thursday,15,35.2587,-89.828545
300759058,4,9,Friday,9,35.204582,-89.85727
300759059,3,12,Friday,12,35.204147,-89.86865
300759060,1,19,Friday,19,35.214489,-89.825198
300759061,3,12,Saturday,12,35.191489,-89.86882
300759062,3,6,Sunday,6,35.200678,-89.839135
300759062,3,6,Sunday,6,35.200678,-89.839135
300759063,4,19,Sunday,19,35.218184,-89.863018
300759063,4,19,Sunday,19,35.218184,-89.863018
300759064,6,21,Sunday,21,35.261871,-89.776075
300759065,7,17,Monday,17,35.21726,-89.783352
300759067,4,11,Monday,11,35.209978,-89.871785
300759089,4,12,Tuesday,12,35.204729,-89.86439
300759089,4,12,Tuesday,12,35.204729,-89.86439
300759296,7,20,Saturday,20,35.216732,-89.77282
300759297,4,2,Thursday,2,35.209995,-89.877205
300759592,7,10,Wednesday,10,35.237154,-89.792933
300759592,7,10,Wednesday,10,35.237154,-89.792933
300759656,2,17,Wednesday,17,35.225492,-89.845876
300759657,2,12,Thursday,12,35.204853,-89.840493
300760395,7,23,Thursday,23,35.218216,-89.79191
300760396,2,15,Saturday,15,35.205055,-89.839503
300760397,5,9,Saturday,9,35.24394,-89.83308
300760398,1,13,Friday,13,35.204483,-89.80229
300760398,1,13,Friday,13,35.204483,-89.80229
300760399,6,19,Saturday,19,35.23846,-89.791084
300760400,5,20,Saturday,20,35.240942,-89.837585
300760400,5,20,Saturday,20,35.240942,-89.837585
300760401,2,5,Sunday,5,35.204936,-89.840531
300760746,1,14,Sunday,14,35.21454,-89.82516
300760747,5,6,Monday,6,35.258584,-89.830013
300760748,4,16,Monday,16,35.221175,-89.863593
300760748,4,16,Monday,16,35.221175,-89.863593
300760786,2,11,Tuesday,11,35.20497,-89.83991
300760787,3,9,Tuesday,9,35.204746,-89.8615
300761043,3,14,Monday,14,35.204586,-89.84593
300761198,6,17,Thursday,17,35.258136,-89.804839
300761202,4,12,Sunday,12,35.204617,-89.85737
300843506,2,7,Tuesday,7,35.216972,-89.83613
300843507,4,13,Tuesday,13,35.204762,-89.863322
300843508,2,15,Tuesday,15,35.204866,-89.840504
300843509,3,18,Tuesday,18,35.200867,-89.838884
300843509,3,18,Tuesday,18,35.200867,-89.838884
300843517,5,15,Wednesday,15,35.264305,-89.856146
300843525,1,6,Thursday,6,35.222332,-89.79807
300843810,6,7,Thursday,7,35.264755,-89.76875
300843814,2,18,Thursday,18,35.205149,-89.836928
300844477,3,7,Friday,7,35.191246,-89.86933
300844478,6,12,Thursday,12,35.233093,-89.8046
300844479,8,17,Thursday,17,35.205123,-89.792136
300844479,8,17,Thursday,17,35.205123,-89.792136
300844480,2,14,Friday,14,35.216927,-89.837175
300844481,4,20,Friday,20,35.205084,-89.880602
300844483,6,14,Saturday,14,35.261824,-89.798104
300844808,4,10,Monday,10,35.204453,-89.873792
300844809,3,10,Thursday,10,35.20475,-89.86093
300844810,5,15,Thursday,15,35.231458,-89.861687
300844813,8,11,Monday,11,35.207584,-89.791936
300844814,1,13,Monday,13,35.205333,-89.832805
300845046,5,15,Tuesday,15,35.249161,-89.806707
300845047,7,0,Thursday,0,35.206063,-89.77284
300845048,6,7,Tuesday,7,35.266364,-89.768631
300845049,5,6,Wednesday,6,35.258995,-89.833238
300845054,2,16,Tuesday,16,35.206039,-89.840614
300845055,1,7,Thursday,7,35.229755,-89.81063
300845056,6,6,Monday,6,35.263577,-89.768704
300846309,4,16,Thursday,16,35.204723,-89.864311
300846309,4,16,Thursday,16,35.204723,-89.864311
300846313,1,16,Thursday,16,35.233964,-89.801393
300846314,4,9,Friday,9,35.219499,-89.86254
300846315,4,10,Friday,10,35.205107,-89.864545
300846315,4,10,Friday,10,35.205107,-89.864545
300846316,1,8,Friday,8,35.2181,-89.791794
300846317,3,7,Saturday,7,35.20456,-89.85742
300846318,2,9,Friday,9,35.204704,-89.847975
300846321,4,18,Saturday,18,35.212732,-89.868245
300846321,4,18,Saturday,18,35.212732,-89.868245
300846322,6,0,Sunday,0,35.257442,-89.793829
300846323,5,2,Sunday,2,35.241255,-89.832475
300846325,1,16,Thursday,16,35.212999,-89.814426
300846325,1,16,Thursday,16,35.212999,-89.814426
300846325,1,16,Thursday,16,35.212999,-89.814426
300846325,1,16,Thursday,16,35.212999,-89.814426
300846326,3,8,Monday,8,35.204735,-89.84049
300846639,4,16,Monday,16,35.210087,-89.872424
300846640,8,12,Tuesday,12,35.205445,-89.834324
300846640,8,12,Tuesday,12,35.205445,-89.834324
300847372,3,9,Wednesday,9,35.19833,-89.859915
300847373,2,18,Wednesday,18,35.226495,-89.846932
300847374,5,17,Wednesday,17,35.241206,-89.832884
300847375,3,7,Thursday,7,35.199188,-89.86839
300847375,3,7,Thursday,7,35.199188,-89.86839
300847376,6,15,Thursday,15,35.238428,-89.793457
300847377,3,15,Thursday,15,35.20489,-89.84036
300848039,3,18,Saturday,18,35.200465,-89.839351
300848039,3,18,Saturday,18,35.200465,-89.839351
300848040,7,0,Monday,0,35.216704,-89.77632
300848318,7,0,Monday,0,35.21496,-89.766396
300848319,8,15,Monday,15,35.216342,-89.791722
300848321,1,20,Monday,20,35.223516,-89.79791
300848322,2,20,Monday,20,35.205375,-89.83438
300848322,2,20,Monday,20,35.205375,-89.83438
300848323,4,16,Monday,16,35.221282,-89.863661
300848323,4,16,Monday,16,35.221282,-89.863661
300849600,4,15,Tuesday,15,35.204726,-89.860911
300849601,6,17,Tuesday,17,35.245941,-89.77189
300849605,6,15,Wednesday,15,35.204656,-89.850423
300849606,3,16,Wednesday,16,35.200501,-89.867059
300849607,2,18,Wednesday,18,35.230369,-89.832396
300849609,5,18,Friday,18,35.239994,-89.837732
300849610,6,18,Friday,18,35.24921,-89.763581
300849611,1,16,Saturday,16,35.212991,-89.814688
300849611,1,16,Saturday,16,35.212991,-89.814688
300849611,1,16,Saturday,16,35.212991,-89.814688
300849611,1,16,Saturday,16,35.212991,-89.814688
300849612,1,19,Saturday,19,35.205416,-89.834288
300849612,1,19,Saturday,19,35.205416,-89.834288
300849615,1,10,Sunday,10,35.216187,-89.79195
300849616,3,16,Sunday,16,35.190683,-89.869215
300849861,3,15,Monday,15,35.203474,-89.845059
300849862,4,6,Friday,6,35.204602,-89.865233
300850466,2,8,Thursday,8,35.211913,-89.839711
300850468,4,7,Monday,7,35.228537,-89.845253
300850468,4,7,Monday,7,35.228537,-89.845253
300850469,6,13,Tuesday,13,35.234886,-89.811889
300850470,3,19,Monday,19,35.204718,-89.840436
300850471,6,13,Tuesday,13,35.260508,-89.822334
300850472,8,17,Tuesday,17,35.205591,-89.814602
300850473,6,18,Tuesday,18,35.263526,-89.768695
300850474,2,13,Tuesday,13,35.208324,-89.840635
300850475,4,6,Wednesday,6,35.226605,-89.846715
300850478,4,7,Wednesday,7,35.209984,-89.86831
300850478,4,7,Wednesday,7,35.209984,-89.86831
300850479,2,9,Wednesday,9,35.204937,-89.84053
300850480,3,9,Wednesday,9,35.204903,-89.84049
300850481,4,14,Wednesday,14,35.209955,-89.868338
300850481,4,14,Wednesday,14,35.209955,-89.868338
300850482,2,17,Wednesday,17,35.20612,-89.84077
300854212,3,11,Tuesday,11,35.204676,-89.864304
300854212,3,11,Tuesday,11,35.204676,-89.864304
300921129,2,11,Thursday,11,35.204723,-89.842872
300921136,3,13,Wednesday,13,35.204762,-89.840444
300921137,2,16,Wednesday,16,35.205325,-89.838107
300921828,1,16,Friday,16,35.233627,-89.803122
300921829,4,15,Saturday,15,35.218441,-89.861154
300921830,2,11,Sunday,11,35.216663,-89.846786
300921831,7,12,Sunday,12,35.21662,-89.77633
300921841,1,17,Thursday,17,35.232177,-89.805486
300921842,2,9,Friday,9,35.217105,-89.843492
300921843,3,17,Thursday,17,35.200074,-89.838953
300921843,3,17,Thursday,17,35.200074,-89.838953
300921844,4,13,Friday,13,35.204214,-89.8708
300921845,4,14,Friday,14,35.205291,-89.864233
300921845,4,14,Friday,14,35.205291,-89.864233
300921846,4,16,Friday,16,35.20489,-89.868495
300921847,4,18,Saturday,18,35.213246,-89.869343
300922544,6,19,Sunday,19,35.248846,-89.819468
300922545,2,17,Sunday,17,35.21684,-89.836111
300922546,2,14,Wednesday,14,35.216943,-89.829962
300922547,1,15,Wednesday,15,35.215487,-89.826487
300922549,1,4,Monday,4,35.224615,-89.811978
300923425,4,17,Sunday,17,35.204566,-89.856964
300923431,7,13,Thursday,13,35.23748,-89.793409
300923431,7,13,Thursday,13,35.23748,-89.793409
300923432,3,17,Saturday,17,35.190741,-89.869188
300923434,4,16,Thursday,16,35.218399,-89.863073
300923434,4,16,Thursday,16,35.218399,-89.863073
300923435,4,17,Thursday,17,35.210128,-89.875209
300923440,4,16,Saturday,16,35.204589,-89.857394
300923444,8,17,Thursday,17,35.206126,-89.791914
300923446,3,12,Friday,12,35.200416,-89.839543
300923446,3,12,Friday,12,35.200416,-89.839543
300923452,2,14,Friday,14,35.229046,-89.836274
300923453,4,21,Sunday,21,35.204857,-89.876504
300923475,5,16,Thursday,16,35.259154,-89.832983
300923666,2,7,Tuesday,7,35.206313,-89.840597
300923667,4,16,Tuesday,16,35.204613,-89.856443
300923668,2,17,Tuesday,17,35.204888,-89.840487
300924034,6,0,Saturday,0,35.250229,-89.770879
300924037,3,13,Friday,13,35.200506,-89.839339
300924037,3,13,Friday,13,35.200506,-89.839339
300924045,3,19,Tuesday,19,35.204838,-89.840559
300924238,6,9,Friday,9,35.250994,-89.793303
300925050,4,17,Sunday,17,35.204589,-89.857467
300925051,4,16,Monday,16,35.205256,-89.880743
300925052,8,16,Monday,16,35.210424,-89.770064
300925054,7,17,Monday,17,35.216434,-89.768891
300925068,2,17,Thursday,17,35.215461,-89.826412
300925069,5,20,Friday,20,35.241183,-89.838206
300925069,5,20,Friday,20,35.241183,-89.838206
300925070,3,11,Friday,11,35.204863,-89.840519
300925071,2,7,Tuesday,7,35.234583,-89.83613
300925356,5,10,Tuesday,10,35.236575,-89.848801
300925357,4,21,Tuesday,21,35.215717,-89.859245
300926150,2,17,Tuesday,17,35.231039,-89.83727
300926151,6,17,Wednesday,17,35.247358,-89.768127
300926153,1,14,Saturday,14,35.214439,-89.825124
300926156,8,15,Saturday,15,35.218091,-89.791801
300926157,8,17,Saturday,17,35.20549,-89.791934
300926158,3,6,Sunday,6,35.204724,-89.862189
300926160,7,11,Sunday,11,35.240054,-89.776449
300927717,4,6,Monday,6,35.228563,-89.845308
300927717,4,6,Monday,6,35.228563,-89.845308
300927718,2,15,Monday,15,35.204774,-89.840632
300927720,2,17,Tuesday,17,35.205039,-89.840285
300927721,6,10,Wednesday,10,35.268172,-89.80928
300927722,1,15,Wednesday,15,35.205801,-89.821799
300927726,4,18,Wednesday,18,35.226781,-89.850964
300928351,2,16,Thursday,16,35.228166,-89.825574
400023096,4,11,Wednesday,11,35.18888,-89.85165
400037412,4,0,Wednesday,0,35.189,-89.85182
300745786,4,6,Thursday,6,35.221336,-89.86365
300745786,4,6,Thursday,6,35.221336,-89.86365
300745787,4,6,Thursday,6,35.218997,-89.867911
300745792,1,7,Thursday,7,35.207167,-89.814598
300745794,2,17,Tuesday,17,35.22026,-89.83585
300745796,1,13,Tuesday,13,35.213298,-89.817922
300745798,2,21,Tuesday,21,35.237752,-89.828617
300745801,2,12,Saturday,12,35.20545,-89.834792
300745801,2,12,Saturday,12,35.20545,-89.834792
300745802,5,8,Tuesday,8,35.241148,-89.837649
300745802,5,8,Tuesday,8,35.241148,-89.837649
300745811,8,12,Friday,12,35.205924,-89.802321
300745812,3,5,Monday,5,35.195448,-89.85917
300745824,6,13,Saturday,13,35.263119,-89.77116
300746150,6,0,Friday,0,35.248932,-89.81297
300746747,3,0,Monday,0,35.190506,-89.86282
300746749,4,4,Saturday,4,35.220272,-89.879299
300746750,6,10,Tuesday,10,35.250626,-89.793357
300746751,5,12,Thursday,12,35.256875,-89.850066
300746752,2,14,Monday,14,35.216644,-89.846659
300746755,3,17,Saturday,17,35.20468,-89.86244
300746758,6,16,Sunday,16,35.250725,-89.79335
300747707,5,0,Sunday,0,35.26466,-89.84809
300747709,8,7,Monday,7,35.217297,-89.783355
300747710,4,8,Monday,8,35.221206,-89.863923
300747710,4,8,Monday,8,35.221206,-89.863923
300747711,4,14,Monday,14,35.20476,-89.849743
300747712,3,11,Monday,11,35.205357,-89.838035
300747713,8,13,Monday,13,35.205053,-89.802328
300747714,4,15,Monday,15,35.208476,-89.854911
300747717,4,7,Tuesday,7,35.204743,-89.847977
300747719,2,21,Tuesday,21,35.205196,-89.83881
300747720,6,11,Wednesday,11,35.26363,-89.768715
300747723,1,6,Thursday,6,35.215329,-89.791683
300747724,7,7,Thursday,7,35.218174,-89.791713
300747725,3,12,Thursday,12,35.205475,-89.83547
300747737,2,10,Thursday,10,35.228672,-89.83805
300747742,6,10,Thursday,10,35.25107,-89.79328
300747743,1,11,Wednesday,11,35.216427,-89.79254
300748004,4,17,Friday,17,35.204784,-89.86376
300748004,4,17,Friday,17,35.204784,-89.86376
300748007,3,18,Friday,18,35.198097,-89.84188
300748008,5,18,Friday,18,35.258016,-89.862227
300748280,4,2,Sunday,2,35.20478,-89.85176
300748281,4,2,Sunday,2,35.204735,-89.85236
300748332,2,17,Saturday,17,35.204724,-89.844611
300748506,3,20,Saturday,20,35.204784,-89.848104
300748564,4,7,Monday,7,35.204256,-89.87305
300748792,4,8,Monday,8,35.205936,-89.886246
300748793,6,14,Sunday,14,35.251158,-89.793302
300748803,4,19,Monday,19,35.204784,-89.86154
300748804,6,20,Monday,20,35.240108,-89.787198
300748871,4,6,Tuesday,6,35.223999,-89.854958
300750397,4,17,Friday,17,35.218842,-89.86787
300750398,8,10,Tuesday,10,35.208053,-89.814628
300750399,8,19,Saturday,19,35.205129,-89.791972
300750400,6,6,Wednesday,6,35.260826,-89.81294
300750401,4,19,Wednesday,19,35.231093,-89.865013
300750402,2,17,Wednesday,17,35.216966,-89.836128
300750403,6,7,Thursday,7,35.238447,-89.793429
300750404,3,7,Thursday,7,35.204673,-89.84656
300750405,3,13,Thursday,13,35.205432,-89.834322
300750405,3,13,Thursday,13,35.205432,-89.834322
300750407,4,16,Thursday,16,35.215923,-89.86813
300750409,4,13,Friday,13,35.20475,-89.86092
300750441,8,14,Friday,14,35.2049,-89.7777
300750442,6,18,Sunday,18,35.248566,-89.817543
300750503,1,8,Monday,8,35.230735,-89.812441
300750504,2,8,Monday,8,35.23325,-89.822389
300750505,5,9,Monday,9,35.264549,-89.851609
300750770,8,14,Monday,14,35.20856,-89.814692
300750771,3,18,Sunday,18,35.20468,-89.84457
300750772,3,0,Monday,0,35.196036,-89.860173
300751002,6,12,Sunday,12,35.26111,-89.76912
300751313,3,6,Wednesday,6,35.20434,-89.87361
300751314,6,18,Thursday,18,35.2636,-89.76863
300751315,3,21,Wednesday,21,35.200527,-89.83962
300751315,3,21,Wednesday,21,35.200527,-89.83962
300751651,1,19,Tuesday,19,35.212999,-89.816931
300751652,4,15,Thursday,15,35.204361,-89.873387
300751653,2,16,Thursday,16,35.208449,-89.840549
300751656,2,18,Thursday,18,35.216996,-89.843731
300751657,4,19,Thursday,19,35.204772,-89.863663
300751657,4,19,Thursday,19,35.204772,-89.863663
300751658,3,18,Thursday,18,35.204525,-89.86421
300751658,3,18,Thursday,18,35.204525,-89.86421
300752935,3,17,Tuesday,17,35.204987,-89.834885
300752935,3,17,Tuesday,17,35.204987,-89.834885
300752937,5,7,Friday,7,35.257967,-89.862081
300752938,3,18,Friday,18,35.20356,-89.86431
300752939,4,19,Saturday,19,35.22072,-89.86374
300752939,4,19,Saturday,19,35.22072,-89.86374
300752940,4,22,Saturday,22,35.22028,-89.86551
300752941,3,23,Saturday,23,35.19031,-89.84982
300752941,3,23,Saturday,23,35.19031,-89.84982
300752942,5,10,Sunday,10,35.250215,-89.853172
300753029,5,21,Saturday,21,35.261688,-89.839673
300753155,7,16,Friday,16,35.216569,-89.7688
300753156,3,17,Friday,17,35.199501,-89.840407
300753158,5,21,Sunday,21,35.257873,-89.861357
300753256,4,8,Tuesday,8,35.218501,-89.867957
300753885,2,21,Sunday,21,35.228954,-89.83611
103453579,4,16,Thursday,16,35.2188,-89.86793
300835866,6,10,Saturday,10,35.263743,-89.768956
300835870,7,0,Sunday,0,35.22542,-89.77204
300835871,1,6,Sunday,6,35.229018,-89.810424
300835871,1,6,Sunday,6,35.229018,-89.810424
300835872,6,16,Saturday,16,35.260279,-89.807519
300835873,6,15,Sunday,15,35.261329,-89.784798
300835873,6,15,Sunday,15,35.261329,-89.784798
300836141,2,9,Monday,9,35.21708,-89.842068
300836142,3,9,Monday,9,35.204567,-89.85737
300836143,4,6,Tuesday,6,35.21026,-89.880499
300836143,4,6,Tuesday,6,35.21026,-89.880499
300836386,6,12,Monday,12,35.241954,-89.793346
300836395,5,17,Tuesday,17,35.241504,-89.851801
300836397,3,16,Monday,16,35.202858,-89.864572
300837497,3,16,Friday,16,35.205376,-89.834536
300837497,3,16,Friday,16,35.205376,-89.834536
300837498,3,14,Friday,14,35.204882,-89.840431
300837500,4,15,Saturday,15,35.204763,-89.85968
300837501,8,16,Saturday,16,35.216284,-89.791739
300837603,4,19,Saturday,19,35.216557,-89.85302
300837604,2,19,Saturday,19,35.204796,-89.84047
300837605,4,11,Thursday,11,35.204147,-89.870293
300837789,2,7,Tuesday,7,35.220449,-89.834347
300837792,2,23,Sunday,23,35.21698,-89.836075
300837793,1,14,Sunday,14,35.22841,-89.819333
300838451,7,5,Tuesday,5,35.21662,-89.77041
300838453,4,22,Wednesday,22,35.204701,-89.861048
300838454,1,22,Wednesday,22,35.2307,-89.80893
300838455,6,11,Thursday,11,35.24596,-89.771923
300838456,3,16,Thursday,16,35.204668,-89.859015
300838457,8,14,Thursday,14,35.207607,-89.79193
300839193,4,14,Friday,14,35.20501,-89.864211
300839197,3,15,Sunday,15,35.204169,-89.869474
300839198,3,15,Friday,15,35.205181,-89.838645
300839199,4,9,Saturday,9,35.213285,-89.863097
300839200,8,12,Saturday,12,35.205279,-89.777716
300839200,8,12,Saturday,12,35.205279,-89.777716
300839201,4,15,Saturday,15,35.204772,-89.862055
300839202,4,9,Sunday,9,35.2212,-89.8639
300839202,4,9,Sunday,9,35.2212,-89.8639
300839203,6,11,Sunday,11,35.261147,-89.783134
300839204,4,6,Monday,6,35.221221,-89.863741
300839204,4,6,Monday,6,35.221221,-89.863741
300839460,2,9,Monday,9,35.229084,-89.825554
300839460,2,9,Monday,9,35.229084,-89.825554
300839461,2,19,Friday,19,35.204987,-89.84017
300839677,4,23,Sunday,23,35.218098,-89.85697
300839678,8,11,Monday,11,35.207237,-89.77795
300840847,3,7,Thursday,7,35.194524,-89.869321
300840848,5,12,Thursday,12,35.266245,-89.833796
300840849,4,11,Thursday,11,35.206981,-89.86837
300840855,4,14,Thursday,14,35.231248,-89.861649
300840856,4,18,Thursday,18,35.21878,-89.86792
300840857,3,11,Friday,11,35.204814,-89.877738
300840858,4,21,Friday,21,35.207302,-89.873764
300840860,1,19,Sunday,19,35.214447,-89.825226
300840861,4,23,Sunday,23,35.204637,-89.857006
300841080,4,11,Monday,11,35.204569,-89.857472
300841081,3,10,Monday,10,35.19035,-89.86603
300841394,1,19,Saturday,19,35.20544,-89.814598
300841885,2,6,Monday,6,35.225904,-89.826389
300841886,1,14,Tuesday,14,35.237418,-89.793581
300841886,1,14,Tuesday,14,35.237418,-89.793581
300841887,4,17,Tuesday,17,35.213088,-89.868198
300841887,4,17,Tuesday,17,35.213088,-89.868198
300841888,4,10,Wednesday,10,35.204567,-89.85731
300841889,5,14,Wednesday,14,35.24112,-89.84255
300841890,1,17,Thursday,17,35.220924,-89.818725
300841891,3,17,Thursday,17,35.190484,-89.869063
300842661,6,16,Friday,16,35.248674,-89.763147
300842662,5,14,Friday,14,35.228476,-89.844845
300842662,5,14,Friday,14,35.228476,-89.844845
300842663,1,15,Friday,15,35.218714,-89.81675
300842668,4,18,Friday,18,35.204795,-89.864005
300842668,4,18,Friday,18,35.204795,-89.864005
300842671,2,15,Saturday,15,35.205335,-89.834497
300842671,2,15,Saturday,15,35.205335,-89.834497
300842690,3,18,Saturday,18,35.204784,-89.84047
300842693,4,19,Saturday,19,35.214337,-89.854268
300842694,4,20,Saturday,20,35.220787,-89.8644
300842695,4,18,Saturday,18,35.221269,-89.86363
300842695,4,18,Saturday,18,35.221269,-89.86363
300842696,2,19,Saturday,19,35.205367,-89.837971
300842701,8,19,Sunday,19,35.204755,-89.79195
300842701,8,19,Sunday,19,35.204755,-89.79195
300842702,6,20,Sunday,20,35.263602,-89.768678
300842703,4,9,Monday,9,35.210153,-89.875494
300842986,1,18,Thursday,18,35.215664,-89.82433
300842987,8,15,Thursday,15,35.204964,-89.792046
300842988,3,16,Monday,16,35.189248,-89.869411
300842989,4,14,Monday,14,35.218751,-89.867696
300843005,4,19,Monday,19,35.205147,-89.880656
300844482,4,2,Sunday,2,35.2204,-89.87921
300844811,6,13,Wednesday,13,35.255354,-89.825847
300914569,1,17,Sunday,17,35.204968,-89.808654
300915222,5,20,Wednesday,20,35.261346,-89.85269
300915467,4,20,Monday,20,35.204734,-89.864498
300915467,4,20,Monday,20,35.204734,-89.864498
300915468,1,19,Monday,19,35.229023,-89.810393
300915468,1,19,Monday,19,35.229023,-89.810393
300915489,2,18,Tuesday,18,35.221252,-89.828916
300915490,4,8,Wednesday,8,35.214323,-89.85307
300915493,1,11,Wednesday,11,35.228229,-89.809301
300915500,5,21,Wednesday,21,35.259,-89.83315
300915501,7,8,Thursday,8,35.229661,-89.792396
300915502,3,17,Thursday,17,35.199889,-89.867896
300916065,3,10,Sunday,10,35.200539,-89.839344
300916065,3,10,Sunday,10,35.200539,-89.839344
300916241,4,5,Sunday,5,35.218168,-89.872646
300916244,8,18,Saturday,18,35.212945,-89.814405
300916244,8,18,Saturday,18,35.212945,-89.814405
300916244,8,18,Saturday,18,35.212945,-89.814405
300916244,8,18,Saturday,18,35.212945,-89.814405
300916245,6,12,Saturday,12,35.234901,-89.811921
300916248,2,17,Wednesday,17,35.214565,-89.82514
300916249,5,14,Friday,14,35.230547,-89.856131
300916250,2,17,Friday,17,35.225796,-89.833176
300916462,4,11,Tuesday,11,35.218337,-89.862947
300916462,4,11,Tuesday,11,35.218337,-89.862947
300916463,4,16,Tuesday,16,35.204215,-89.868158
300916464,2,23,Saturday,23,35.204839,-89.840283
300916466,2,13,Wednesday,13,35.223484,-89.825704
300916467,6,11,Thursday,11,35.261776,-89.822206
300916468,2,11,Thursday,11,35.216955,-89.836122
300916470,2,15,Thursday,15,35.222432,-89.844715
300916471,3,14,Tuesday,14,35.194297,-89.852498
300916472,4,18,Friday,18,35.204207,-89.86803
300916473,8,10,Saturday,10,35.205313,-89.792121
300917043,6,12,Saturday,12,35.252879,-89.793204
300917266,2,16,Sunday,16,35.204894,-89.840367
300917391,5,19,Thursday,19,35.24066,-89.835146
300917393,2,23,Wednesday,23,35.230767,-89.83756
300917395,1,18,Friday,18,35.218389,-89.791832
300917397,6,11,Thursday,11,35.263528,-89.768712
300917398,1,13,Thursday,13,35.223727,-89.798026
300918766,2,15,Sunday,15,35.205394,-89.836897
300918767,2,16,Sunday,16,35.205608,-89.836728
300919212,7,15,Tuesday,15,35.216889,-89.776248
300919213,6,16,Tuesday,16,35.262894,-89.773045
300919214,4,14,Monday,14,35.209182,-89.876064
300919215,1,17,Monday,17,35.233925,-89.798754
300919217,2,8,Tuesday,8,35.2169,-89.8476
300919219,6,14,Friday,14,35.250003,-89.783435
300919220,2,15,Saturday,15,35.214559,-89.825194
300919221,3,8,Monday,8,35.204831,-89.84047
300919223,3,13,Thursday,13,35.204624,-89.840487
300919225,6,13,Monday,13,35.250056,-89.794575
300919226,2,9,Tuesday,9,35.209682,-89.844942
300919227,1,17,Wednesday,17,35.229021,-89.810362
300919227,1,17,Wednesday,17,35.229021,-89.810362
300919228,7,11,Thursday,11,35.207598,-89.791773
300919232,4,6,Thursday,6,35.204427,-89.866179
300919233,6,11,Thursday,11,35.26146,-89.785618
300919234,1,10,Tuesday,10,35.222422,-89.80776
300919235,4,19,Tuesday,19,35.204215,-89.868491
300919236,2,7,Wednesday,7,35.205383,-89.840571
300920562,1,16,Monday,16,35.226751,-89.819447
300920562,1,16,Monday,16,35.226751,-89.819447
300920563,2,6,Tuesday,6,35.229098,-89.836269
300920569,4,17,Sunday,17,35.204772,-89.860173
300920570,6,2,Monday,2,35.261391,-89.785098
300920571,4,6,Monday,6,35.210302,-89.880522
300920571,4,6,Monday,6,35.210302,-89.880522
300920572,6,19,Sunday,19,35.245802,-89.772146
300920573,3,20,Sunday,20,35.204749,-89.864322
300920573,3,20,Sunday,20,35.204749,-89.864322
300920577,4,15,Saturday,15,35.204673,-89.861946
300920580,8,14,Thursday,14,35.206163,-89.792397
300920581,1,18,Thursday,18,35.214435,-89.825027
300920582,5,5,Friday,5,35.216919,-89.83618
300920583,6,13,Saturday,13,35.229036,-89.810424
300920583,6,13,Saturday,13,35.229036,-89.810424
300920587,4,8,Thursday,8,35.218345,-89.86298
300920587,4,8,Thursday,8,35.218345,-89.86298
300920595,1,19,Thursday,19,35.227497,-89.811639
300920597,1,17,Thursday,17,35.212873,-89.81431
300920597,1,17,Thursday,17,35.212873,-89.81431
300920597,1,17,Thursday,17,35.212873,-89.81431
300920597,1,17,Thursday,17,35.212873,-89.81431
300920598,1,20,Monday,20,35.213028,-89.814566
300920598,1,20,Monday,20,35.213028,-89.814566
300920598,1,20,Monday,20,35.213028,-89.814566
300920598,1,20,Monday,20,35.213028,-89.814566
300920599,4,18,Monday,18,35.204138,-89.868592
300921139,3,11,Tuesday,11,35.205007,-89.834839
300921139,3,11,Tuesday,11,35.205007,-89.834839
300921140,5,7,Tuesday,7,35.262657,-89.858872
300921141,1,17,Tuesday,17,35.224765,-89.798914
300921142,3,16,Tuesday,16,35.204737,-89.86094
400019084,4,16,Saturday,16,35.26244,-89.7897
400019746,4,16,Monday,16,35.25056,-89.76026
300736547,2,21,Wednesday,21,35.204858,-89.84032
300736867,3,8,Friday,8,35.202934,-89.840355
300737111,6,11,Friday,11,35.23751,-89.793434
300737111,6,11,Friday,11,35.23751,-89.793434
300737112,5,0,Friday,0,35.257862,-89.861626
300738121,4,11,Friday,11,35.226456,-89.857955
300738122,4,22,Thursday,22,35.21754,-89.876753
300738125,1,18,Saturday,18,35.218212,-89.79181
300738126,2,7,Sunday,7,35.204761,-89.842889
300738131,5,16,Monday,16,35.261805,-89.822187
300738132,3,14,Tuesday,14,35.204212,-89.86805
300738133,5,14,Tuesday,14,35.252525,-89.8358
300738137,4,17,Tuesday,17,35.224692,-89.852449
300738138,1,22,Tuesday,22,35.216476,-89.81015
300738183,2,14,Wednesday,14,35.206135,-89.840576
300738699,8,12,Friday,12,35.205374,-89.778771
300738703,2,23,Friday,23,35.20465,-89.84037
300739063,3,14,Tuesday,14,35.205385,-89.834521
300739063,3,14,Tuesday,14,35.205385,-89.834521
300739064,8,9,Sunday,9,35.205647,-89.791952
300739104,3,10,Sunday,10,35.20285,-89.864585
300739942,6,10,Wednesday,10,35.234881,-89.810552
300740220,4,17,Thursday,17,35.218796,-89.867935
300740221,3,8,Thursday,8,35.204556,-89.857241
300740465,1,17,Wednesday,17,35.205446,-89.834459
300740465,1,17,Wednesday,17,35.205446,-89.834459
300740466,1,18,Wednesday,18,35.229147,-89.810296
300740466,1,18,Wednesday,18,35.229147,-89.810296
300740467,3,7,Thursday,7,35.193539,-89.864928
300740468,2,7,Thursday,7,35.20536,-89.8406
300740469,4,12,Wednesday,12,35.204901,-89.868484
300740472,3,11,Friday,11,35.190994,-89.869286
300740474,3,23,Friday,23,35.200496,-89.839399
300740474,3,23,Friday,23,35.200496,-89.839399
300740920,5,17,Saturday,17,35.229056,-89.836734
300740921,2,16,Saturday,16,35.204866,-89.840574
300740922,6,20,Sunday,20,35.25444,-89.79266
300740922,6,20,Sunday,20,35.25444,-89.79266
300741024,4,6,Monday,6,35.218715,-89.865346
300741238,1,22,Monday,22,35.205376,-89.834076
300741238,1,22,Monday,22,35.205376,-89.834076
300741526,4,20,Tuesday,20,35.218779,-89.868366
300741797,1,11,Wednesday,11,35.205372,-89.834651
300741797,1,11,Wednesday,11,35.205372,-89.834651
300741800,6,11,Wednesday,11,35.261373,-89.784762
300741800,6,11,Wednesday,11,35.261373,-89.784762
300741801,3,18,Wednesday,18,35.190468,-89.862305
300742562,2,10,Saturday,10,35.232235,-89.832695
300742563,2,14,Friday,14,35.20507,-89.839455
300742565,4,11,Friday,11,35.219965,-89.863115
300742566,3,12,Friday,12,35.204765,-89.86207
300742567,3,14,Thursday,14,35.204656,-89.857933
300742568,4,17,Wednesday,17,35.204692,-89.859247
300742569,3,18,Thursday,18,35.204768,-89.840474
300742770,8,16,Tuesday,16,35.212784,-89.814309
300742770,8,16,Tuesday,16,35.212784,-89.814309
300742770,8,16,Tuesday,16,35.212784,-89.814309
300742770,8,16,Tuesday,16,35.212784,-89.814309
300742772,4,9,Monday,9,35.21887,-89.867954
300742773,1,16,Thursday,16,35.205616,-89.834176
300742773,1,16,Thursday,16,35.205616,-89.834176
300742775,6,19,Saturday,19,35.118505,-89.861961
300742775,6,19,Saturday,19,35.118505,-89.861961
300742776,8,12,Saturday,12,35.206398,-89.77776
300742777,7,16,Sunday,16,35.216774,-89.776474
300742850,8,10,Thursday,10,35.212841,-89.80563
300742851,1,15,Friday,15,35.232408,-89.806357
300742900,2,13,Monday,13,35.226604,-89.844727
300743185,3,12,Tuesday,12,35.204573,-89.865424
300743362,2,22,Tuesday,22,35.204746,-89.84243
300743363,4,4,Tuesday,4,35.223446,-89.856766
300743694,4,14,Wednesday,14,35.205997,-89.847994
300743695,4,18,Tuesday,18,35.204901,-89.868576
300743701,3,2,Thursday,2,35.19067,-89.86833
300743745,4,6,Thursday,6,35.21852,-89.86535
300743993,6,16,Thursday,16,35.255013,-89.793236
300743997,1,18,Thursday,18,35.23048,-89.808856
300745803,8,19,Wednesday,19,35.204433,-89.78223
300746744,4,13,Thursday,13,35.221355,-89.863769
300746744,4,13,Thursday,13,35.221355,-89.863769
300746746,4,14,Thursday,14,35.21875,-89.867707
300749367,4,13,Thursday,13,35.216648,-89.852697
300828312,1,6,Thursday,6,35.213067,-89.81497
300828313,4,13,Thursday,13,35.21505,-89.852036
300828315,3,22,Thursday,22,35.203748,-89.848035
300829560,4,18,Saturday,18,35.20473,-89.861082
300829561,8,17,Friday,17,35.20778,-89.79185
300829562,6,15,Monday,15,35.263518,-89.768691
300829563,6,17,Monday,17,35.246277,-89.77182
300829564,4,22,Tuesday,22,35.20995,-89.86624
300829565,3,11,Wednesday,11,35.20018,-89.83969
300829565,3,11,Wednesday,11,35.20018,-89.83969
300829883,2,17,Wednesday,17,35.215219,-89.831813
300829884,1,16,Tuesday,16,35.212953,-89.814536
300829884,1,16,Tuesday,16,35.212953,-89.814536
300829884,1,16,Tuesday,16,35.212953,-89.814536
300829884,1,16,Tuesday,16,35.212953,-89.814536
300829885,3,18,Thursday,18,35.204269,-89.840418
300829886,1,18,Thursday,18,35.233365,-89.803865
300829887,7,19,Thursday,19,35.218351,-89.748048
300829889,8,8,Wednesday,8,35.205764,-89.808851
300830551,5,19,Thursday,19,35.256138,-89.842804
300830552,3,13,Friday,13,35.204661,-89.859067
300830553,5,20,Wednesday,20,35.245199,-89.837698
300830554,3,17,Friday,17,35.199802,-89.84009
300830556,6,11,Saturday,11,35.255775,-89.812939
300830557,5,12,Saturday,12,35.26179,-89.822098
300830558,6,5,Sunday,5,35.261303,-89.82221
300830559,3,15,Sunday,15,35.20201,-89.86513
300830560,1,15,Sunday,15,35.212978,-89.814519
300830560,1,15,Sunday,15,35.212978,-89.814519
300830560,1,15,Sunday,15,35.212978,-89.814519
300830560,1,15,Sunday,15,35.212978,-89.814519
300831089,2,7,Monday,7,35.2079,-89.842865
300831090,3,15,Monday,15,35.203766,-89.84509
300831091,7,16,Monday,16,35.237328,-89.793324
300831091,7,16,Monday,16,35.237328,-89.793324
300831092,1,7,Tuesday,7,35.218681,-89.815845
300831336,4,17,Tuesday,17,35.209498,-89.865731
300831339,2,18,Tuesday,18,35.229088,-89.836266
300831590,1,11,Tuesday,11,35.23647,-89.80779
300831593,4,12,Thursday,12,35.22109,-89.86355
300831593,4,12,Thursday,12,35.22109,-89.86355
300831594,2,17,Thursday,17,35.218529,-89.821176
300832247,3,17,Wednesday,17,35.189905,-89.869174
300832248,3,8,Friday,8,35.204437,-89.86425
300832249,6,17,Thursday,17,35.23407,-89.80302
300832250,1,10,Friday,10,35.232993,-89.811923
300832252,3,6,Saturday,6,35.205275,-89.834589
300832252,3,6,Saturday,6,35.205275,-89.834589
300832253,4,16,Saturday,16,35.204739,-89.861299
300832254,6,19,Saturday,19,35.248564,-89.819438
300832255,3,10,Sunday,10,35.190615,-89.866263
300832256,1,0,Sunday,0,35.207912,-89.7919
300832539,4,18,Monday,18,35.218085,-89.863018
300832539,4,18,Monday,18,35.218085,-89.863018
300833118,4,17,Monday,17,35.210915,-89.868211
300833119,3,16,Tuesday,16,35.20055,-89.83938
300833119,3,16,Tuesday,16,35.20055,-89.83938
300833122,4,4,Wednesday,4,35.218218,-89.862952
300833122,4,4,Wednesday,4,35.218218,-89.862952
300833123,2,10,Wednesday,10,35.21689,-89.83623
300833124,3,17,Wednesday,17,35.204067,-89.86775
300833125,2,9,Thursday,9,35.216934,-89.836705
300834030,3,17,Friday,17,35.204514,-89.86543
300834032,7,17,Sunday,17,35.216682,-89.768906
300834572,2,18,Monday,18,35.20495,-89.84006
300834573,7,9,Tuesday,9,35.226145,-89.771816
300834574,4,17,Monday,17,35.221456,-89.863713
300834574,4,17,Monday,17,35.221456,-89.863713
300834575,7,12,Tuesday,12,35.204799,-89.777683
300834575,7,12,Tuesday,12,35.204799,-89.777683
300834576,4,14,Tuesday,14,35.220173,-89.878464
300834577,3,15,Tuesday,15,35.204723,-89.84165
300834853,8,15,Wednesday,15,35.206438,-89.814764
300835118,3,17,Wednesday,17,35.204564,-89.864236
300835118,3,17,Wednesday,17,35.204564,-89.864236
300835119,6,16,Wednesday,16,35.261659,-89.796291
300835120,4,6,Thursday,6,35.218666,-89.86633
300835121,3,13,Thursday,13,35.199992,-89.868032
300835844,1,9,Friday,9,35.233517,-89.8119
300835858,3,17,Friday,17,35.204805,-89.840932
300835859,3,17,Friday,17,35.197258,-89.86903
300835860,2,17,Friday,17,35.216156,-89.8369
300835862,2,21,Friday,21,35.217045,-89.835903
300836385,1,15,Friday,15,35.207679,-89.793021
300836387,3,9,Monday,9,35.204644,-89.857363
300909116,4,10,Tuesday,10,35.214836,-89.868283
300909117,1,10,Tuesday,10,35.209513,-89.815217
300909128,2,15,Saturday,15,35.204716,-89.841793
300909129,8,16,Sunday,16,35.212965,-89.814508
300909129,8,16,Sunday,16,35.212965,-89.814508
300909129,8,16,Sunday,16,35.212965,-89.814508
300909129,8,16,Sunday,16,35.212965,-89.814508
300909130,4,16,Sunday,16,35.2073,-89.880555
300910258,2,18,Saturday,18,35.205065,-89.839482
300910259,1,17,Saturday,17,35.21816,-89.791631
300910260,3,2,Sunday,2,35.193712,-89.863698
300910261,4,13,Sunday,13,35.204764,-89.862659
300910262,4,17,Sunday,17,35.20412,-89.868472
300910266,7,16,Wednesday,16,35.240568,-89.785628
300910267,4,18,Wednesday,18,35.216442,-89.851737
300910268,1,17,Thursday,17,35.216469,-89.791793
300910269,1,18,Thursday,18,35.20534,-89.834466
300910269,1,18,Thursday,18,35.20534,-89.834466
300910270,4,6,Friday,6,35.218947,-89.867938
300911602,7,8,Saturday,8,35.216661,-89.776282
300911607,8,14,Wednesday,14,35.205149,-89.802328
300911608,3,18,Wednesday,18,35.202849,-89.840355
300911610,8,11,Friday,11,35.216385,-89.791655
300911611,2,15,Friday,15,35.215498,-89.826478
300911612,1,17,Friday,17,35.230553,-89.809014
300911613,1,17,Friday,17,35.224364,-89.800666
300911614,7,13,Friday,13,35.239922,-89.771972
300911618,2,8,Saturday,8,35.230912,-89.844944
300911619,2,17,Friday,17,35.226621,-89.861136
300911848,1,7,Monday,7,35.233777,-89.797423
300911849,3,8,Monday,8,35.199094,-89.868702
300911849,3,8,Monday,8,35.199094,-89.868702
300911850,5,10,Monday,10,35.241115,-89.837689
300911850,5,10,Monday,10,35.241115,-89.837689
300912040,4,12,Tuesday,12,35.204978,-89.863856
300912041,3,12,Wednesday,12,35.20041,-89.839306
300912041,3,12,Wednesday,12,35.20041,-89.839306
300912046,3,11,Wednesday,11,35.1906,-89.869268
300912509,3,8,Friday,8,35.204731,-89.877066
300912510,8,14,Sunday,14,35.212957,-89.814505
300912510,8,14,Sunday,14,35.212957,-89.814505
300912510,8,14,Sunday,14,35.212957,-89.814505
300912510,8,14,Sunday,14,35.212957,-89.814505
300912511,4,10,Saturday,10,35.219609,-89.847152
300912513,7,22,Wednesday,22,35.245727,-89.771575
300913010,5,12,Friday,12,35.256126,-89.842797
300913013,5,12,Saturday,12,35.25873,-89.831953
300913016,4,6,Wednesday,6,35.220288,-89.878749
300913017,5,18,Thursday,18,35.235387,-89.861439
300913018,1,8,Tuesday,8,35.213176,-89.816091
300913019,1,12,Tuesday,12,35.237478,-89.793487
300913019,1,12,Tuesday,12,35.237478,-89.793487
300913545,8,15,Tuesday,15,35.209508,-89.791849
300913587,4,14,Friday,14,35.204766,-89.85432
300914572,5,12,Wednesday,12,35.24011,-89.859059
300914577,2,19,Thursday,19,35.20615,-89.840581
300914579,5,14,Friday,14,35.257486,-89.833117
300914579,5,14,Friday,14,35.257486,-89.833117
300914581,2,14,Thursday,14,35.217045,-89.836586
300914582,6,17,Thursday,17,35.266133,-89.768432
300914585,3,17,Wednesday,17,35.190671,-89.870379
300914586,8,17,Monday,17,35.205578,-89.809814
300914587,3,23,Friday,23,35.199868,-89.867911
300915466,7,17,Friday,17,35.237402,-89.793436
300915466,7,17,Friday,17,35.237402,-89.793436
300919231,2,8,Friday,8,35.22344,-89.844999
300949417,6,7,Monday,7,35.262014,-89.803695
300949418,6,8,Monday,8,35.258146,-89.79303
300949599,2,9,Tuesday,9,35.216913,-89.836231
300949600,4,16,Tuesday,16,35.219134,-89.867917
300950088,2,6,Wednesday,6,35.216989,-89.837141
300950089,2,11,Wednesday,11,35.208406,-89.840662
300950090,6,16,Wednesday,16,35.258843,-89.823517
300950093,4,15,Wednesday,15,35.218083,-89.863135
300950093,4,15,Wednesday,15,35.218083,-89.863135
300950610,8,12,Friday,12,35.206106,-89.791907
300950612,3,13,Friday,13,35.202814,-89.864666
300950613,4,16,Friday,16,35.218776,-89.867934
300950617,2,12,Sunday,12,35.215438,-89.826453
300950824,2,7,Tuesday,7,35.229998,-89.845159
300950826,2,16,Saturday,16,35.216928,-89.836196
300950827,3,12,Monday,12,35.200465,-89.839308
300950827,3,12,Monday,12,35.200465,-89.839308
300950828,4,14,Monday,14,35.210115,-89.873662
300950829,4,14,Monday,14,35.208114,-89.852035
300950830,4,14,Monday,14,35.204584,-89.857371
300950832,4,7,Tuesday,7,35.20998,-89.868313
300950832,4,7,Tuesday,7,35.20998,-89.868313
300950864,6,6,Tuesday,6,35.258195,-89.785396
300951260,3,11,Wednesday,11,35.200886,-89.839615
300951260,3,11,Wednesday,11,35.200886,-89.839615
300951261,4,17,Wednesday,17,35.214035,-89.86123
300951985,4,16,Thursday,16,35.232103,-89.837781
300951986,2,16,Friday,16,35.205275,-89.838784
300951988,8,17,Friday,17,35.204829,-89.814757
300951992,7,5,Monday,5,35.216665,-89.776252
300951993,2,21,Thursday,21,35.204742,-89.84493
300952104,6,10,Wednesday,10,35.235397,-89.815752
300952105,4,6,Friday,6,35.204766,-89.860946
300952107,1,16,Monday,16,35.212996,-89.814586
300952107,1,16,Monday,16,35.212996,-89.814586
300952107,1,16,Monday,16,35.212996,-89.814586
300952107,1,16,Monday,16,35.212996,-89.814586
300952178,8,3,Tuesday,3,35.212884,-89.81397
300952178,8,3,Tuesday,3,35.212884,-89.81397
300952178,8,3,Tuesday,3,35.212884,-89.81397
300952178,8,3,Tuesday,3,35.212884,-89.81397
300952567,3,18,Wednesday,18,35.204701,-89.864296
300952567,3,18,Wednesday,18,35.204701,-89.864296
300953151,3,13,Thursday,13,35.19957,-89.856811
300953152,4,16,Thursday,16,35.218112,-89.856834
300953154,3,18,Friday,18,35.20056,-89.839406
300953154,3,18,Friday,18,35.20056,-89.839406
300953157,4,17,Sunday,17,35.204603,-89.865207
300953470,8,15,Monday,15,35.21623,-89.791674
300953471,7,2,Tuesday,2,35.252445,-89.77413
300953472,1,7,Tuesday,7,35.230652,-89.799808
300953473,4,9,Tuesday,9,35.210259,-89.878369
300953475,3,12,Monday,12,35.205305,-89.83455
300953475,3,12,Monday,12,35.205305,-89.83455
300953478,5,16,Thursday,16,35.223899,-89.855646
300953854,5,17,Tuesday,17,35.258749,-89.870896
300953855,5,17,Thursday,17,35.241085,-89.83768
300953855,5,17,Thursday,17,35.241085,-89.83768
300953856,5,14,Wednesday,14,35.236327,-89.819031
300953857,1,16,Wednesday,16,35.233955,-89.801679
300953873,2,13,Thursday,13,35.204897,-89.840435
300954726,6,18,Saturday,18,35.261352,-89.78467
300954726,6,18,Saturday,18,35.261352,-89.78467
300954727,4,16,Saturday,16,35.221394,-89.852491
300954729,6,14,Saturday,14,35.261856,-89.803117
300954730,7,18,Tuesday,18,35.224647,-89.792097
300955717,5,23,Sunday,23,35.256108,-89.842781
300969188,4,21,Saturday,21,35.204594,-89.859887
300969189,3,12,Sunday,12,35.205464,-89.837098
300969190,6,0,Sunday,0,35.257077,-89.771653
300969191,2,22,Sunday,22,35.204824,-89.840431
300969192,4,13,Saturday,13,35.213025,-89.870464
300969196,1,15,Thursday,15,35.216385,-89.791883
300969197,6,12,Thursday,12,35.262118,-89.812064
300969198,7,0,Thursday,0,35.220942,-89.778359
300969199,3,21,Thursday,21,35.201125,-89.874759
300969812,7,9,Tuesday,9,35.216996,-89.766078
300969814,5,18,Tuesday,18,35.258365,-89.829157
300969815,1,15,Thursday,15,35.212994,-89.814363
300969815,1,15,Thursday,15,35.212994,-89.814363
300969815,1,15,Thursday,15,35.212994,-89.814363
300969815,1,15,Thursday,15,35.212994,-89.814363
300969816,3,6,Friday,6,35.19929,-89.868573
300969816,3,6,Friday,6,35.19929,-89.868573
300969817,6,14,Friday,14,35.237652,-89.793475
300969817,6,14,Friday,14,35.237652,-89.793475
300970362,1,15,Monday,15,35.229127,-89.810441
300970362,1,15,Monday,15,35.229127,-89.810441
300970365,5,19,Saturday,19,35.241232,-89.84486
300971079,3,12,Friday,12,35.204881,-89.840469
300971080,7,14,Sunday,14,35.218019,-89.752149
300971082,1,13,Monday,13,35.220212,-89.791941
300971086,5,20,Tuesday,20,35.25724,-89.833292
300971086,5,20,Tuesday,20,35.25724,-89.833292
300971087,6,10,Wednesday,10,35.257176,-89.793666
300971089,4,15,Wednesday,15,35.218256,-89.862928
300971089,4,15,Wednesday,15,35.218256,-89.862928
300971092,8,13,Friday,13,35.205505,-89.791898
300971093,6,7,Friday,7,35.261742,-89.774218
300971095,3,14,Friday,14,35.203625,-89.840472
300971096,4,20,Friday,20,35.204716,-89.864257
300971096,4,20,Friday,20,35.204716,-89.864257
300971103,4,20,Friday,20,35.204228,-89.868515
300971107,6,15,Friday,15,35.263594,-89.768684
300971108,8,17,Friday,17,35.204861,-89.802228
300971108,8,17,Friday,17,35.204861,-89.802228
300971162,2,21,Friday,21,35.234282,-89.836159
300971479,2,19,Sunday,19,35.229117,-89.836306
300971480,4,6,Tuesday,6,35.21878,-89.868068
300971481,1,13,Monday,13,35.229045,-89.810402
300971481,1,13,Monday,13,35.229045,-89.810402
300971483,1,14,Monday,14,35.233948,-89.794336
300971484,3,23,Monday,23,35.199642,-89.853662
300971485,1,14,Tuesday,14,35.218495,-89.816087
300971704,3,22,Wednesday,22,35.204599,-89.877385
300971705,8,15,Wednesday,15,35.212972,-89.814366
300971705,8,15,Wednesday,15,35.212972,-89.814366
300971705,8,15,Wednesday,15,35.212972,-89.814366
300971705,8,15,Wednesday,15,35.212972,-89.814366
300971706,4,14,Thursday,14,35.210211,-89.880488
300971706,4,14,Thursday,14,35.210211,-89.880488
300971709,1,8,Friday,8,35.212994,-89.814616
300971709,1,8,Friday,8,35.212994,-89.814616
300971709,1,8,Friday,8,35.212994,-89.814616
300971709,1,8,Friday,8,35.212994,-89.814616
300971794,1,17,Thursday,17,35.216798,-89.808156
300971794,1,17,Thursday,17,35.216798,-89.808156
300971794,1,17,Thursday,17,35.216798,-89.808156
300971794,1,17,Thursday,17,35.216798,-89.808156
300971795,3,19,Friday,19,35.199091,-89.868501
300971796,4,18,Thursday,18,35.205111,-89.880664
300971797,7,11,Monday,11,35.23758,-89.793111
300971797,7,11,Monday,11,35.23758,-89.793111
300972465,2,11,Tuesday,11,35.216951,-89.835878
300972466,1,14,Tuesday,14,35.230607,-89.808851
300972468,3,17,Thursday,17,35.204603,-89.864304
300972468,3,17,Thursday,17,35.204603,-89.864304
300972470,2,7,Monday,7,35.235122,-89.831712
300972472,1,22,Saturday,22,35.213181,-89.815642
300972473,4,12,Sunday,12,35.216568,-89.846759
300972475,1,13,Monday,13,35.228931,-89.810496
300972475,1,13,Monday,13,35.228931,-89.810496
300972478,2,17,Monday,17,35.20544,-89.83686
300972481,2,10,Friday,10,35.206283,-89.840648
300972482,1,13,Friday,13,35.220331,-89.819243
300972483,4,15,Friday,15,35.258166,-89.862828
300972484,1,16,Friday,16,35.231598,-89.807543
300972487,5,16,Friday,16,35.261532,-89.834876
300972488,4,17,Monday,17,35.22103,-89.863555
300972488,4,17,Monday,17,35.22103,-89.863555
300972893,4,23,Thursday,23,35.204935,-89.880115
300972894,2,12,Friday,12,35.204715,-89.841432
300973391,1,7,Thursday,7,35.232614,-89.799399
300973392,7,17,Wednesday,17,35.245977,-89.771924
300973393,6,21,Saturday,21,35.262263,-89.774942
300973575,4,6,Friday,6,35.218781,-89.867783
300989072,2,6,Tuesday,6,35.204865,-89.84045
300989236,1,16,Monday,16,35.205547,-89.834037
300989236,1,16,Monday,16,35.205547,-89.834037
300989237,1,19,Tuesday,19,35.237246,-89.793456
300989237,1,19,Tuesday,19,35.237246,-89.793456
300989971,1,8,Friday,8,35.220507,-89.819188
300989980,1,8,Saturday,8,35.233808,-89.793775
300989985,3,9,Saturday,9,35.2047,-89.844849
300989992,2,20,Sunday,20,35.21949,-89.820193
300989995,4,17,Tuesday,17,35.207005,-89.868447
300990239,6,11,Monday,11,35.263597,-89.79755
300990240,2,20,Saturday,20,35.230426,-89.832198
300990337,4,9,Tuesday,9,35.228468,-89.841612
300990340,3,13,Thursday,13,35.205217,-89.834544
300990340,3,13,Thursday,13,35.205217,-89.834544
300990341,1,1,Monday,1,35.219088,-89.820411
300990667,6,13,Wednesday,13,35.248897,-89.823923
300990668,2,19,Tuesday,19,35.204726,-89.840509
300990669,1,0,Tuesday,0,35.222552,-89.812814
300990899,2,6,Friday,6,35.221139,-89.835855
300991486,2,14,Sunday,14,35.204673,-89.846711
300991494,3,0,Sunday,0,35.201323,-89.873923
300991499,2,12,Monday,12,35.204731,-89.842781
300991715,3,10,Monday,10,35.196025,-89.849675
300991742,2,10,Saturday,10,35.204802,-89.840606
300991751,3,6,Tuesday,6,35.205386,-89.83453
300991751,3,6,Tuesday,6,35.205386,-89.83453
300991753,4,8,Tuesday,8,35.205797,-89.86418
300993007,5,17,Tuesday,17,35.258835,-89.833643
300993008,3,16,Thursday,16,35.203008,-89.86452
300993010,4,10,Friday,10,35.207209,-89.857101
300993011,4,10,Saturday,10,35.219377,-89.845777
300993012,4,13,Saturday,13,35.220353,-89.865683
300993014,7,19,Thursday,19,35.211721,-89.76794
300994137,1,15,Monday,15,35.233177,-89.804342
300994139,5,22,Tuesday,22,35.25898,-89.833243
300994143,6,15,Wednesday,15,35.266238,-89.792498
300994271,5,11,Friday,11,35.237172,-89.819498
300994272,7,0,Wednesday,0,35.204394,-89.77773
300994273,2,11,Tuesday,11,35.204901,-89.840509
300994309,4,20,Saturday,20,35.219282,-89.846141
300994310,2,14,Tuesday,14,35.228954,-89.836341
300994322,6,15,Tuesday,15,35.2481,-89.793338
300994328,3,12,Tuesday,12,35.204681,-89.840472
300994635,3,11,Tuesday,11,35.204734,-89.863974
300994635,3,11,Tuesday,11,35.204734,-89.863974
300994765,3,17,Tuesday,17,35.204695,-89.856003
300995774,3,3,Saturday,3,35.196481,-89.849261
300938825,7,13,Thursday,13,35.216753,-89.776231
300938826,3,18,Thursday,18,35.204848,-89.840436
300939334,4,14,Friday,14,35.218342,-89.863037
300939334,4,14,Friday,14,35.218342,-89.863037
300939335,1,10,Saturday,10,35.220656,-89.794675
300939339,2,14,Friday,14,35.234089,-89.83796
300939340,6,14,Saturday,14,35.26133,-89.784341
300939340,6,14,Saturday,14,35.26133,-89.784341
300939341,4,15,Sunday,15,35.212978,-89.868202
300939341,4,15,Sunday,15,35.212978,-89.868202
300939348,4,8,Monday,8,35.218671,-89.869718
300939676,4,15,Tuesday,15,35.204643,-89.857586
300939681,2,7,Wednesday,7,35.232022,-89.838883
300939682,8,7,Wednesday,7,35.210888,-89.808263
300940575,4,14,Wednesday,14,35.205862,-89.864183
300940576,4,18,Tuesday,18,35.214464,-89.855088
300940577,2,16,Wednesday,16,35.228457,-89.843878
300940578,4,13,Tuesday,13,35.218877,-89.867736
300940579,3,18,Thursday,18,35.204831,-89.840345
300940580,2,12,Friday,12,35.205219,-89.838732
300940581,3,15,Saturday,15,35.203739,-89.841637
300940582,4,15,Saturday,15,35.204739,-89.860697
300940583,3,20,Saturday,20,35.200497,-89.839382
300940583,3,20,Saturday,20,35.200497,-89.839382
300940585,2,15,Sunday,15,35.204868,-89.840489
300940586,2,16,Sunday,16,35.204865,-89.840493
300940587,3,0,Monday,0,35.201115,-89.871966
300940713,4,12,Sunday,12,35.204796,-89.861817
300941002,5,19,Monday,19,35.256213,-89.843861
300941003,1,19,Saturday,19,35.217176,-89.817431
300941004,3,7,Tuesday,7,35.190667,-89.869273
300941007,1,15,Tuesday,15,35.212766,-89.814346
300941007,1,15,Tuesday,15,35.212766,-89.814346
300941007,1,15,Tuesday,15,35.212766,-89.814346
300941007,1,15,Tuesday,15,35.212766,-89.814346
300941011,5,17,Tuesday,17,35.250177,-89.812965
300941012,5,10,Wednesday,10,35.247878,-89.837505
300936300,3,15,Sunday,15,35.204651,-89.840487
300936301,4,15,Sunday,15,35.204742,-89.864065
300936301,4,15,Sunday,15,35.204742,-89.864065
300936302,3,15,Sunday,15,35.202885,-89.864592
300936303,1,15,Sunday,15,35.234977,-89.811844
300936304,3,16,Sunday,16,35.204525,-89.84802
300936307,5,17,Sunday,17,35.245099,-89.837407
300936308,4,18,Sunday,18,35.204124,-89.868472
300936309,4,11,Tuesday,11,35.204798,-89.84804
300936310,5,22,Tuesday,22,35.258615,-89.838151
300936311,4,15,Wednesday,15,35.20474,-89.854173
300936312,6,16,Wednesday,16,35.237453,-89.793388
300936312,6,16,Wednesday,16,35.237453,-89.793388
300936764,3,16,Thursday,16,35.198862,-89.868877
300936765,5,21,Friday,21,35.256279,-89.85569
300936766,8,22,Saturday,22,35.213052,-89.814365
300936766,8,22,Saturday,22,35.213052,-89.814365
300936766,8,22,Saturday,22,35.213052,-89.814365
300936766,8,22,Saturday,22,35.213052,-89.814365
300936767,6,16,Saturday,16,35.247964,-89.794313
300936789,5,15,Saturday,15,35.256834,-89.842718
300936832,4,21,Friday,21,35.213352,-89.849296
300936835,4,15,Sunday,15,35.220539,-89.856839
300936839,4,15,Tuesday,15,35.20421,-89.868159
300936840,5,8,Tuesday,8,35.256615,-89.842531
300936841,1,1,Monday,1,35.223961,-89.799657
300936842,4,21,Sunday,21,35.221372,-89.849468
300937117,2,12,Monday,12,35.205402,-89.838655
300937120,7,21,Sunday,21,35.221576,-89.789029
300937121,4,14,Tuesday,14,35.225886,-89.865461
300937127,2,16,Tuesday,16,35.205388,-89.833682
300937127,2,16,Tuesday,16,35.205388,-89.833682
300937128,4,9,Wednesday,9,35.218766,-89.868129
300937129,4,14,Wednesday,14,35.209987,-89.868299
300937129,4,14,Wednesday,14,35.209987,-89.868299
300937555,3,10,Thursday,10,35.19347,-89.869155
300937556,1,14,Thursday,14,35.227621,-89.806308
300937557,4,16,Thursday,16,35.204397,-89.866584
300937558,8,17,Thursday,17,35.207601,-89.791886
300937559,3,7,Friday,7,35.189734,-89.869306
300937561,3,9,Friday,9,35.20054,-89.839457
300937561,3,9,Friday,9,35.20054,-89.839457
300938087,7,16,Tuesday,16,35.220592,-89.776077
300938088,2,13,Saturday,13,35.205251,-89.834696
300938088,2,13,Saturday,13,35.205251,-89.834696
300938089,2,18,Saturday,18,35.229227,-89.836438
300938090,1,18,Saturday,18,35.237451,-89.793654
300938090,1,18,Saturday,18,35.237451,-89.793654
300938091,1,12,Sunday,12,35.205427,-89.833822
300938091,1,12,Sunday,12,35.205427,-89.833822
300938092,4,16,Sunday,16,35.20479,-89.861516
300938217,1,6,Tuesday,6,35.226683,-89.81923
300938217,1,6,Tuesday,6,35.226683,-89.81923
300938247,4,16,Saturday,16,35.204765,-89.8643
300938247,4,16,Saturday,16,35.204765,-89.8643
300938248,3,12,Wednesday,12,35.195122,-89.844945
300938249,2,7,Tuesday,7,35.216905,-89.836126
300938250,4,9,Tuesday,9,35.22214,-89.850409
300938251,4,18,Monday,18,35.217918,-89.863559
300938251,4,18,Monday,18,35.217918,-89.863559
300938287,4,13,Tuesday,13,35.204656,-89.856559
300938477,2,7,Tuesday,7,35.219722,-89.819851
300938478,8,8,Friday,8,35.216349,-89.792007
300938479,4,14,Wednesday,14,35.21685,-89.849973
300938633,1,19,Wednesday,19,35.205915,-89.8143
300938634,3,20,Wednesday,20,35.204814,-89.840488
300939337,4,6,Wednesday,6,35.218838,-89.867901
300940712,5,22,Sunday,22,35.246872,-89.853689
300965288,1,20,Wednesday,20,35.227527,-89.811994
300965289,4,20,Saturday,20,35.204735,-89.864255
300965289,4,20,Saturday,20,35.204735,-89.864255
300965290,4,17,Sunday,17,35.204175,-89.871843
300965292,2,18,Friday,18,35.21666,-89.846783
300965295,1,17,Friday,17,35.220358,-89.819244
300965296,6,8,Friday,8,35.256829,-89.793179
300965297,4,14,Friday,14,35.205024,-89.880657
300965304,1,7,Monday,7,35.214608,-89.825142
300965305,1,17,Monday,17,35.206165,-89.792031
300965510,1,11,Monday,11,35.208186,-89.778094
300966212,2,19,Friday,19,35.205347,-89.838012
300966213,8,20,Friday,20,35.205527,-89.791961
300966214,5,12,Wednesday,12,35.239179,-89.8377
300966215,4,22,Wednesday,22,35.212886,-89.868522
300966216,4,12,Saturday,12,35.218825,-89.86794
300966217,2,12,Tuesday,12,35.205109,-89.839325
300966218,1,14,Wednesday,14,35.218715,-89.807862
300966219,4,10,Friday,10,35.218768,-89.867868
300966773,1,12,Wednesday,12,35.214583,-89.82522
300966774,3,13,Thursday,13,35.20461,-89.856435
300966775,2,13,Thursday,13,35.231807,-89.82668
300966776,2,12,Wednesday,12,35.20507,-89.840617
300966778,6,19,Thursday,19,35.249324,-89.7636
300966779,4,13,Monday,13,35.204393,-89.856759
300966780,3,21,Friday,21,35.19736,-89.860912
300966782,4,17,Tuesday,17,35.204133,-89.869576
300966784,2,0,Thursday,0,35.21691,-89.844204
300967326,1,8,Tuesday,8,35.205716,-89.834775
300967326,1,8,Tuesday,8,35.205716,-89.834775
300967330,8,14,Monday,14,35.205354,-89.814744
300967341,1,16,Sunday,16,35.205527,-89.834705
300967341,1,16,Sunday,16,35.205527,-89.834705
300967342,3,8,Monday,8,35.2061,-89.87073
300967343,4,6,Monday,6,35.208391,-89.869029
300967345,4,11,Monday,11,35.221353,-89.863631
300967345,4,11,Monday,11,35.221353,-89.863631
300967598,3,18,Friday,18,35.205404,-89.834694
300967598,3,18,Friday,18,35.205404,-89.834694
300967599,1,8,Monday,8,35.234293,-89.811879
300967600,5,7,Wednesday,7,35.257552,-89.860308
300968125,1,8,Saturday,8,35.205361,-89.834452
300968125,1,8,Saturday,8,35.205361,-89.834452
300968127,4,23,Friday,23,35.208898,-89.883092
300968128,3,13,Saturday,13,35.204989,-89.834841
300968128,3,13,Saturday,13,35.204989,-89.834841
300968130,3,16,Saturday,16,35.204502,-89.865818
300968453,1,3,Monday,3,35.22993,-89.792145
300968454,4,14,Monday,14,35.204757,-89.852964
300969195,4,18,Wednesday,18,35.204773,-89.863203
300971111,4,22,Sunday,22,35.217893,-89.858192
300971793,3,15,Friday,15,35.200911,-89.866306
300960339,4,14,Saturday,14,35.204595,-89.857368
300960340,1,12,Sunday,12,35.205321,-89.833196
300960341,6,17,Sunday,17,35.267266,-89.78769
300960342,2,8,Monday,8,35.216988,-89.836194
300960343,2,14,Monday,14,35.205292,-89.838697
300960347,7,21,Monday,21,35.218212,-89.791744
300960348,2,23,Monday,23,35.230608,-89.828801
300960349,5,6,Tuesday,6,35.257274,-89.833187
300960349,5,6,Tuesday,6,35.257274,-89.833187
300960351,3,14,Tuesday,14,35.200347,-89.839226
300960351,3,14,Tuesday,14,35.200347,-89.839226
300960451,8,17,Tuesday,17,35.204775,-89.802339
300960451,8,17,Tuesday,17,35.204775,-89.802339
300960452,4,18,Tuesday,18,35.204397,-89.857418
300960723,4,10,Monday,10,35.204583,-89.865461
300960724,4,9,Wednesday,9,35.204625,-89.857332
300960725,3,13,Wednesday,13,35.204867,-89.840548
300960726,6,14,Wednesday,14,35.266701,-89.768603
300961334,8,14,Friday,14,35.217943,-89.788299
300961335,2,16,Monday,16,35.204786,-89.847979
300961337,5,16,Friday,16,35.262268,-89.820797
300961338,4,15,Thursday,15,35.217156,-89.843243
300961339,2,21,Saturday,21,35.20478,-89.840806
300961340,3,23,Saturday,23,35.190211,-89.869329
300961341,1,23,Friday,23,35.2166,-89.800432
300961342,4,9,Sunday,9,35.21899,-89.867965
300961343,3,19,Wednesday,19,35.201155,-89.857937
300961344,2,7,Thursday,7,35.216898,-89.846878
300961345,5,16,Thursday,16,35.262045,-89.81186
300961346,1,9,Friday,9,35.214733,-89.824946
300961347,3,7,Thursday,7,35.200541,-89.839386
300961347,3,7,Thursday,7,35.200541,-89.839386
300961348,3,16,Wednesday,16,35.204655,-89.859087
300961843,8,17,Wednesday,17,35.212958,-89.807902
300961843,8,17,Wednesday,17,35.212958,-89.807902
300961865,3,17,Wednesday,17,35.204703,-89.864397
300961865,3,17,Wednesday,17,35.204703,-89.864397
300961869,3,21,Monday,21,35.193462,-89.848825
300962422,2,19,Monday,19,35.208395,-89.840513
300962425,1,14,Monday,14,35.228893,-89.810406
300962425,1,14,Monday,14,35.228893,-89.810406
300962444,1,10,Monday,10,35.214446,-89.825112
300962450,2,10,Thursday,10,35.216633,-89.846915
300962451,2,17,Friday,17,35.205334,-89.838003
300962452,4,8,Sunday,8,35.217386,-89.858248
300962453,4,11,Sunday,11,35.204678,-89.857383
300962456,2,22,Sunday,22,35.205307,-89.83433
300962456,2,22,Sunday,22,35.205307,-89.83433
300962457,4,9,Tuesday,9,35.20482,-89.868452
300962460,3,22,Thursday,22,35.200535,-89.83942
300962460,3,22,Thursday,22,35.200535,-89.83942
300962464,7,4,Friday,4,35.237412,-89.793436
300962464,7,4,Friday,4,35.237412,-89.793436
300962823,2,14,Wednesday,14,35.205733,-89.840508
300962824,4,16,Wednesday,16,35.204194,-89.868217
300962825,3,14,Monday,14,35.204956,-89.839265
300962826,5,11,Thursday,11,35.268012,-89.831022
300962827,4,8,Friday,8,35.204585,-89.857329
300963159,2,12,Friday,12,35.216977,-89.836126
300963160,5,10,Friday,10,35.256432,-89.825717
300963161,2,12,Tuesday,12,35.223306,-89.823343
300963162,4,18,Friday,18,35.213093,-89.877038
300963163,4,12,Friday,12,35.220293,-89.879714
300963164,6,17,Friday,17,35.257942,-89.793116
300963167,1,22,Saturday,22,35.23446,-89.803447
300963779,5,7,Tuesday,7,35.257066,-89.833278
300963779,5,7,Tuesday,7,35.257066,-89.833278
300963780,3,19,Tuesday,19,35.200464,-89.839319
300963780,3,19,Tuesday,19,35.200464,-89.839319
300963781,4,14,Tuesday,14,35.2265,-89.846947
300963782,2,13,Sunday,13,35.216946,-89.836239
300963783,3,11,Wednesday,11,35.204831,-89.840488
300963784,1,7,Monday,7,35.231585,-89.807525
300963870,7,17,Wednesday,17,35.216598,-89.768731
300963871,2,22,Wednesday,22,35.226895,-89.842555
300963874,7,23,Thursday,23,35.224787,-89.771977
300964252,1,13,Friday,13,35.233543,-89.793555
300964253,4,15,Friday,15,35.205184,-89.881395
300964645,5,10,Thursday,10,35.258306,-89.867949
300964647,5,23,Sunday,23,35.267516,-89.841897
300965301,8,1,Tuesday,1,35.20642,-89.777734
300965302,5,6,Sunday,6,35.234439,-89.84637
300965303,3,9,Monday,9,35.204183,-89.869814
300966202,4,7,Tuesday,7,35.205338,-89.88341
300944159,4,16,Friday,16,35.205223,-89.838651
300944160,3,21,Friday,21,35.204027,-89.878402
300944161,4,17,Saturday,17,35.204788,-89.864245
300944161,4,17,Saturday,17,35.204788,-89.864245
300944340,5,15,Sunday,15,35.256017,-89.840768
300944376,4,9,Monday,9,35.205342,-89.883452
300944377,7,17,Sunday,17,35.218242,-89.747959
300945529,4,6,Tuesday,6,35.210057,-89.870621
300945530,6,12,Monday,12,35.248713,-89.818268
300945531,1,6,Wednesday,6,35.213107,-89.815017
300945531,1,6,Wednesday,6,35.213107,-89.815017
300945531,1,6,Wednesday,6,35.213107,-89.815017
300945531,1,6,Wednesday,6,35.213107,-89.815017
300945532,1,15,Wednesday,15,35.230898,-89.801706
300945551,3,14,Friday,14,35.201364,-89.85475
300945552,1,16,Friday,16,35.206597,-89.833199
300945553,4,15,Sunday,15,35.21104,-89.863224
300945554,1,15,Monday,15,35.227189,-89.819229
300945557,6,15,Saturday,15,35.2646,-89.793086
300945558,4,17,Saturday,17,35.21677,-89.846585
300945559,4,16,Saturday,16,35.204547,-89.857505
300945560,5,15,Monday,15,35.252838,-89.855449
300945561,6,17,Monday,17,35.245904,-89.771998
300945562,3,16,Monday,16,35.205275,-89.834629
300945562,3,16,Monday,16,35.205275,-89.834629
300945870,7,16,Monday,16,35.2457,-89.7722
300945872,2,12,Tuesday,12,35.216933,-89.836105
300946194,3,16,Wednesday,16,35.204731,-89.8413
300946195,6,18,Wednesday,18,35.263263,-89.835443
300946652,6,21,Friday,21,35.247936,-89.798021
300946654,6,14,Saturday,14,35.241074,-89.784286
300946655,2,7,Saturday,7,35.228087,-89.807474
300946783,3,16,Monday,16,35.200381,-89.839292
300946783,3,16,Monday,16,35.200381,-89.839292
300946948,7,17,Tuesday,17,35.230781,-89.792766
300946949,6,11,Wednesday,11,35.245959,-89.77193
300947159,6,10,Wednesday,10,35.249836,-89.773281
300947160,8,15,Wednesday,15,35.216317,-89.791659
300947969,6,15,Thursday,15,35.267724,-89.787604
300947970,7,16,Thursday,16,35.23709,-89.7849
300947971,8,13,Thursday,13,35.204688,-89.777706
300947971,8,13,Thursday,13,35.204688,-89.777706
300947978,4,7,Friday,7,35.204382,-89.868461
300947979,5,1,Monday,1,35.252539,-89.855498
300947981,4,1,Saturday,1,35.212886,-89.863253
300947982,5,20,Friday,20,35.251327,-89.826222
300947985,1,0,Monday,0,35.230094,-89.797239
300947986,2,14,Saturday,14,35.205402,-89.834421
300947986,2,14,Saturday,14,35.205402,-89.834421
300948358,1,14,Monday,14,35.213057,-89.814936
300948358,1,14,Monday,14,35.213057,-89.814936
300948358,1,14,Monday,14,35.213057,-89.814936
300948358,1,14,Monday,14,35.213057,-89.814936
300948363,7,13,Wednesday,13,35.205952,-89.791881
300948364,3,21,Monday,21,35.205436,-89.834472
300948364,3,21,Monday,21,35.205436,-89.834472
300948809,6,7,Thursday,7,35.255309,-89.788606
300948810,6,16,Thursday,16,35.246033,-89.771845
300948811,4,15,Friday,15,35.212896,-89.856817
300948814,2,13,Wednesday,13,35.204874,-89.840486
300948815,8,19,Wednesday,19,35.20518,-89.791925
300948816,3,12,Wednesday,12,35.203456,-89.864366
300948817,5,2,Thursday,2,35.243531,-89.819398
300949421,2,15,Saturday,15,35.21685,-89.836165
300949422,7,2,Saturday,2,35.262016,-89.768487
300949422,7,2,Saturday,2,35.262016,-89.768487
300949597,5,12,Thursday,12,35.238045,-89.828979
300950863,4,20,Wednesday,20,35.228652,-89.846424
300951069,3,10,Thursday,10,35.201405,-89.838514
300951071,6,8,Friday,8,35.261953,-89.808438
300952102,1,17,Thursday,17,35.212934,-89.814707
300952102,1,17,Thursday,17,35.212934,-89.814707
300952102,1,17,Thursday,17,35.212934,-89.814707
300952102,1,17,Thursday,17,35.212934,-89.814707
300952103,2,12,Sunday,12,35.21618,-89.826056
300955696,3,21,Sunday,21,35.204095,-89.868454
300955697,6,22,Sunday,22,35.262438,-89.77468
300955698,3,21,Sunday,21,35.199246,-89.840729
300955699,4,6,Monday,6,35.204156,-89.868543
300955702,8,20,Wednesday,20,35.2169,-89.80826
300955702,8,20,Wednesday,20,35.2169,-89.80826
300955702,8,20,Wednesday,20,35.2169,-89.80826
300955702,8,20,Wednesday,20,35.2169,-89.80826
300955703,4,20,Wednesday,20,35.204544,-89.857081
300955704,6,8,Friday,8,35.261364,-89.784688
300955704,6,8,Friday,8,35.261364,-89.784688
300955705,2,7,Friday,7,35.204704,-89.842917
300955706,1,14,Saturday,14,35.234964,-89.811946
300955707,2,15,Saturday,15,35.214438,-89.825228
300955708,4,14,Saturday,14,35.204662,-89.85566
300955710,2,17,Saturday,17,35.235618,-89.819141
300955711,3,12,Wednesday,12,35.204749,-89.86106
300955713,4,14,Wednesday,14,35.217642,-89.855392
300955813,1,16,Monday,16,35.212972,-89.814706
300955813,1,16,Monday,16,35.212972,-89.814706
300955813,1,16,Monday,16,35.212972,-89.814706
300955813,1,16,Monday,16,35.212972,-89.814706
300955814,1,18,Monday,18,35.21301,-89.814645
300955814,1,18,Monday,18,35.21301,-89.814645
300955814,1,18,Monday,18,35.21301,-89.814645
300955814,1,18,Monday,18,35.21301,-89.814645
300955815,1,20,Monday,20,35.230794,-89.808663
300955816,5,6,Thursday,6,35.257802,-89.861127
300955817,2,7,Tuesday,7,35.217417,-89.836067
300955885,7,12,Tuesday,12,35.223324,-89.773403
300956837,2,16,Friday,16,35.205242,-89.838687
300956838,2,12,Sunday,12,35.215063,-89.852434
300956841,4,15,Wednesday,15,35.20468,-89.862068
300956843,3,15,Thursday,15,35.200461,-89.839117
300956843,3,15,Thursday,15,35.200461,-89.839117
300956844,8,12,Thursday,12,35.205232,-89.791882
300956845,2,14,Thursday,14,35.205043,-89.839493
300956846,7,0,Friday,0,35.26253,-89.774657
300956847,1,15,Friday,15,35.231716,-89.807424
300956850,6,0,Sunday,0,35.267879,-89.792746
300956851,4,18,Sunday,18,35.221334,-89.863734
300956851,4,18,Sunday,18,35.221334,-89.863734
300957071,2,13,Monday,13,35.217154,-89.835709
300957072,1,16,Monday,16,35.214371,-89.82523
300957073,4,18,Monday,18,35.206058,-89.852574
300957074,8,14,Friday,14,35.216728,-89.776422
300958041,1,9,Sunday,9,35.23073,-89.794914
300958044,5,0,Wednesday,0,35.233115,-89.831559
300958045,2,16,Thursday,16,35.220012,-89.835974
300958046,2,17,Thursday,17,35.216972,-89.837579
300958047,6,18,Thursday,18,35.249149,-89.763511
300958048,1,10,Friday,10,35.207213,-89.825769
300958049,7,17,Friday,17,35.263899,-89.766986
300958050,3,23,Thursday,23,35.192323,-89.854771
300958051,3,13,Saturday,13,35.204596,-89.840465
300958052,5,9,Sunday,9,35.239828,-89.837659
300958053,3,15,Sunday,15,35.202868,-89.864578
300958054,3,8,Monday,8,35.203402,-89.864402
300958055,6,19,Tuesday,19,35.245936,-89.771896
300958056,7,4,Wednesday,4,35.2215,-89.757231
300958057,6,7,Wednesday,7,35.261373,-89.785008
300958057,6,7,Wednesday,7,35.261373,-89.785008
300958541,4,10,Wednesday,10,35.209435,-89.855769
300958542,2,7,Thursday,7,35.230497,-89.819215
300958543,6,13,Tuesday,13,35.261684,-89.786165
300958544,7,18,Tuesday,18,35.216461,-89.765702
300958545,6,16,Tuesday,16,35.261357,-89.784716
300958545,6,16,Tuesday,16,35.261357,-89.784716
300958551,6,17,Monday,17,35.261328,-89.784784
300958551,6,17,Monday,17,35.261328,-89.784784
300958552,3,7,Tuesday,7,35.190445,-89.869408
300959558,3,10,Thursday,10,35.204633,-89.865031
300959562,5,14,Thursday,14,35.24016,-89.841105
300959563,5,2,Monday,2,35.251192,-89.844354
300959567,3,6,Friday,6,35.200569,-89.83941
300959567,3,6,Friday,6,35.200569,-89.83941
300959570,3,12,Saturday,12,35.200438,-89.839301
300959570,3,12,Saturday,12,35.200438,-89.839301
300959571,1,21,Saturday,21,35.214392,-89.824998
300959574,4,6,Saturday,6,35.218317,-89.863013
300959574,4,6,Saturday,6,35.218317,-89.863013
300959577,2,11,Monday,11,35.22026,-89.835929
300959578,3,21,Monday,21,35.200558,-89.839401
300959578,3,21,Monday,21,35.200558,-89.839401
300959579,4,21,Tuesday,21,35.204932,-89.870427
300959580,8,17,Tuesday,17,35.2327,-89.80559
300959581,8,15,Wednesday,15,35.216611,-89.768867
300959590,2,8,Thursday,8,35.20486,-89.847226
300959591,5,12,Thursday,12,35.26331,-89.848076
300959601,2,19,Monday,19,35.212197,-89.83876
300960298,2,15,Tuesday,15,35.205199,-89.838752
300960332,4,13,Friday,13,35.204572,-89.857368
300960333,3,13,Friday,13,35.204575,-89.857368
300960334,2,13,Friday,13,35.204772,-89.848226
300960336,4,15,Friday,15,35.204098,-89.87216
300960337,7,15,Friday,15,35.221892,-89.747681
300960338,1,16,Friday,16,35.228979,-89.810438
300960338,1,16,Friday,16,35.228979,-89.810438
300961871,2,16,Thursday,16,35.2304,-89.832388
300983559,1,15,Monday,15,35.223067,-89.816529
300983561,8,9,Monday,9,35.216526,-89.791683
300983567,2,15,Sunday,15,35.228956,-89.836177
300983597,1,12,Friday,12,35.233367,-89.803813
300983600,7,15,Friday,15,35.223571,-89.765537
300983611,1,12,Saturday,12,35.233969,-89.80075
300983612,2,18,Monday,18,35.22675,-89.819428
300983612,2,18,Monday,18,35.22675,-89.819428
300983617,5,15,Saturday,15,35.258045,-89.8615
300983619,4,15,Monday,15,35.204159,-89.868471
300983627,8,6,Tuesday,6,35.216314,-89.792036
300983628,4,16,Monday,16,35.226652,-89.846773
300984891,5,18,Monday,18,35.256827,-89.850564
300984892,5,12,Tuesday,12,35.259017,-89.834701
300984902,4,12,Friday,12,35.204893,-89.868658
300984905,2,14,Saturday,14,35.205226,-89.838749
300984908,4,12,Saturday,12,35.204914,-89.868477
300984922,6,15,Wednesday,15,35.248956,-89.825982
300984923,3,17,Wednesday,17,35.190377,-89.854931
300984924,1,10,Thursday,10,35.233994,-89.801583
300984929,4,10,Thursday,10,35.225733,-89.850532
300985139,4,15,Tuesday,15,35.216753,-89.850074
300985140,4,16,Friday,16,35.21393,-89.855835
300985141,8,12,Monday,12,35.205214,-89.791999
300985142,2,20,Saturday,20,35.232292,-89.835743
300985147,4,14,Tuesday,14,35.218716,-89.867632
300985148,4,19,Saturday,19,35.218451,-89.870655
300985289,4,16,Wednesday,16,35.205841,-89.864212
300985290,8,11,Monday,11,35.204833,-89.792127
300985299,4,7,Wednesday,7,35.209598,-89.868323
300985299,4,7,Wednesday,7,35.209598,-89.868323
300985362,4,14,Wednesday,14,35.221275,-89.863727
300985362,4,14,Wednesday,14,35.221275,-89.863727
300985363,2,8,Thursday,8,35.205065,-89.840506
300985365,4,6,Wednesday,6,35.204766,-89.862049
300985366,1,10,Monday,10,35.22884,-89.810665
300985366,1,10,Monday,10,35.22884,-89.810665
300985372,4,14,Thursday,14,35.209992,-89.868315
300985372,4,14,Thursday,14,35.209992,-89.868315
300985375,3,21,Tuesday,21,35.204153,-89.868386
300985376,3,8,Thursday,8,35.190663,-89.869298
300985524,3,11,Friday,11,35.204769,-89.841464
300985951,2,17,Saturday,17,35.226663,-89.846803
300985952,1,19,Sunday,19,35.230487,-89.808955
300985954,1,19,Saturday,19,35.216509,-89.795829
300985956,5,12,Sunday,12,35.262262,-89.814136
300986026,1,9,Monday,9,35.216388,-89.791994
300986027,4,12,Friday,12,35.2045,-89.856756
300986028,2,20,Saturday,20,35.204875,-89.840474
300986030,2,17,Sunday,17,35.21694,-89.836121
300986031,1,7,Saturday,7,35.213075,-89.814396
300986031,1,7,Saturday,7,35.213075,-89.814396
300986031,1,7,Saturday,7,35.213075,-89.814396
300986031,1,7,Saturday,7,35.213075,-89.814396
300986032,4,11,Monday,11,35.23175,-89.851402
300986033,6,21,Saturday,21,35.261723,-89.797812
300986034,1,17,Thursday,17,35.23075,-89.808731
300986391,4,16,Monday,16,35.218853,-89.858683
300986392,5,6,Tuesday,6,35.241932,-89.818992
300986393,3,13,Tuesday,13,35.205442,-89.83433
300986393,3,13,Tuesday,13,35.205442,-89.83433
300986394,3,14,Tuesday,14,35.20482,-89.840512
300986672,3,14,Tuesday,14,35.20467,-89.864294
300986672,3,14,Tuesday,14,35.20467,-89.864294
300986868,3,10,Thursday,10,35.204078,-89.868189
300986869,8,17,Friday,17,35.209755,-89.77775
300986873,1,16,Thursday,16,35.21305,-89.814309
300986873,1,16,Thursday,16,35.21305,-89.814309
300986873,1,16,Thursday,16,35.21305,-89.814309
300986873,1,16,Thursday,16,35.21305,-89.814309
300986877,7,16,Thursday,16,35.245995,-89.771855
300987194,3,15,Sunday,15,35.194189,-89.855343
300987546,1,5,Thursday,5,35.238093,-89.79343
300987546,1,5,Thursday,5,35.238093,-89.79343
300987550,1,10,Saturday,10,35.229722,-89.811922
300987551,6,18,Thursday,18,35.233132,-89.819211
300987552,1,16,Thursday,16,35.21679,-89.808165
300987552,1,16,Thursday,16,35.21679,-89.808165
300987552,1,16,Thursday,16,35.21679,-89.808165
300987552,1,16,Thursday,16,35.21679,-89.808165
300987554,1,19,Monday,19,35.233094,-89.819237
300987555,3,8,Tuesday,8,35.204735,-89.840388
300988127,5,16,Thursday,16,35.235916,-89.841885
300988199,3,15,Tuesday,15,35.199733,-89.840252
300988200,5,21,Friday,21,35.241073,-89.837658
300988200,5,21,Friday,21,35.241073,-89.837658
300988201,6,21,Saturday,21,35.234952,-89.811871
300988202,2,15,Sunday,15,35.216881,-89.832941
300988582,7,18,Monday,18,35.216726,-89.776242
300988583,3,20,Monday,20,35.204722,-89.864254
300988583,3,20,Monday,20,35.204722,-89.864254
300988588,6,10,Wednesday,10,35.263561,-89.768753
300988589,4,12,Thursday,12,35.226796,-89.865374
300988590,5,5,Thursday,5,35.229087,-89.836219
300988595,4,23,Saturday,23,35.230136,-89.850663
300988598,1,14,Thursday,14,35.219503,-89.820136
300988606,8,15,Saturday,15,35.20498,-89.792003
300988810,8,11,Thursday,11,35.207114,-89.791859
300989238,7,21,Saturday,21,35.237479,-89.793448
300989240,4,16,Wednesday,16,35.20475,-89.861538
300989967,1,10,Friday,10,35.22894,-89.810335
300989967,1,10,Friday,10,35.22894,-89.810335
300989969,4,18,Thursday,18,35.216548,-89.846734
300989970,1,9,Saturday,9,35.222393,-89.79607
300991489,4,22,Wednesday,22,35.218429,-89.863078
300991489,4,22,Wednesday,22,35.218429,-89.863078
400172429,4,10,Friday,10,35.24913,-89.76386
300978843,4,15,Thursday,15,35.204789,-89.863523
300978843,4,15,Thursday,15,35.204789,-89.863523
300978854,1,18,Wednesday,18,35.237413,-89.793583
300978854,1,18,Wednesday,18,35.237413,-89.793583
300978860,1,8,Sunday,8,35.214474,-89.82521
300978963,2,19,Thursday,19,35.204864,-89.840478
300978989,5,9,Saturday,9,35.249058,-89.823767
300978990,2,16,Monday,16,35.205019,-89.839529
300979152,3,0,Wednesday,0,35.197422,-89.857994
300979153,3,14,Monday,14,35.205005,-89.834873
300979153,3,14,Monday,14,35.205005,-89.834873
300979154,2,15,Tuesday,15,35.216969,-89.836149
300979167,1,2,Saturday,2,35.213337,-89.821361
300979341,1,13,Wednesday,13,35.231793,-89.807361
300979866,8,11,Thursday,11,35.216571,-89.768789
300979880,7,14,Thursday,14,35.237462,-89.793482
300979880,7,14,Thursday,14,35.237462,-89.793482
300979881,2,20,Wednesday,20,35.216807,-89.834655
300979903,4,21,Thursday,21,35.218855,-89.868084
300980054,2,13,Tuesday,13,35.205433,-89.837697
300980232,8,16,Tuesday,16,35.204588,-89.792014
300980232,8,16,Tuesday,16,35.204588,-89.792014
300980339,1,14,Wednesday,14,35.214529,-89.825126
300980346,2,8,Wednesday,8,35.204796,-89.840509
300980556,3,12,Thursday,12,35.204995,-89.834866
300980556,3,12,Thursday,12,35.204995,-89.834866
300980557,4,7,Friday,7,35.214012,-89.878176
300980558,3,16,Wednesday,16,35.204552,-89.865653
300980559,4,16,Wednesday,16,35.204693,-89.864245
300980559,4,16,Wednesday,16,35.204693,-89.864245
300980889,4,11,Wednesday,11,35.210174,-89.875033
300980890,8,14,Wednesday,14,35.205207,-89.792031
300980911,4,15,Sunday,15,35.221331,-89.863611
300980911,4,15,Sunday,15,35.221331,-89.863611
300981203,2,21,Friday,21,35.217389,-89.846146
300981458,1,19,Saturday,19,35.213328,-89.820187
300981460,3,7,Wednesday,7,35.190382,-89.854885
300981461,3,11,Wednesday,11,35.199634,-89.840332
300981462,8,9,Tuesday,9,35.205355,-89.791925
300981780,1,17,Thursday,17,35.220569,-89.819225
300981782,3,8,Friday,8,35.198376,-89.866255
300981783,2,12,Thursday,12,35.204862,-89.840509
300982437,2,15,Monday,15,35.212223,-89.838592
300982441,1,19,Tuesday,19,35.212891,-89.814423
300982441,1,19,Tuesday,19,35.212891,-89.814423
300982441,1,19,Tuesday,19,35.212891,-89.814423
300982441,1,19,Tuesday,19,35.212891,-89.814423
300982442,6,8,Tuesday,8,35.250743,-89.81296
300982444,4,12,Thursday,12,35.204733,-89.847764
300982446,1,17,Friday,17,35.220471,-89.819298
300982449,1,15,Friday,15,35.206291,-89.833551
300982450,7,19,Sunday,19,35.209562,-89.777831
300982679,4,3,Sunday,3,35.210385,-89.875727
300982701,1,16,Monday,16,35.212618,-89.81439
300983036,1,15,Thursday,15,35.21968,-89.820178
300983037,2,18,Thursday,18,35.222313,-89.835709
300983040,5,0,Saturday,0,35.258533,-89.86634
300983041,2,12,Sunday,12,35.216818,-89.83601
300983787,2,17,Tuesday,17,35.216809,-89.832546
300984096,4,19,Thursday,19,35.218126,-89.858148
300985052,4,13,Thursday,13,35.218384,-89.86265
300985052,4,13,Thursday,13,35.218384,-89.86265
300973389,6,17,Monday,17,35.259134,-89.806297
300973394,4,15,Sunday,15,35.20592,-89.88622
300973576,8,11,Tuesday,11,35.205506,-89.791993
300973577,1,13,Tuesday,13,35.205356,-89.814562
300973612,3,7,Tuesday,7,35.203,-89.864488
300973736,4,14,Wednesday,14,35.218488,-89.870274
300973738,2,15,Wednesday,15,35.209726,-89.847855
300973739,6,17,Wednesday,17,35.259961,-89.768196
300974700,2,10,Thursday,10,35.204897,-89.840601
300974715,4,12,Monday,12,35.205812,-89.864172
300974716,2,13,Monday,13,35.204725,-89.847854
300974717,5,8,Tuesday,8,35.249916,-89.837539
300974721,3,14,Friday,14,35.204323,-89.86424
300974721,3,14,Friday,14,35.204323,-89.86424
300974722,1,14,Sunday,14,35.205385,-89.792006
300974724,8,19,Monday,19,35.21641,-89.791791
300974834,5,15,Sunday,15,35.25907,-89.85567
300974900,1,14,Thursday,14,35.213074,-89.814334
300974901,2,6,Monday,6,35.215531,-89.826455
300974902,6,10,Thursday,10,35.26153,-89.78853
300974991,4,6,Thursday,6,35.218918,-89.867878
300975009,5,20,Thursday,20,35.25874,-89.823885
300975011,2,6,Friday,6,35.208125,-89.840705
300975016,3,7,Wednesday,7,35.204859,-89.840479
300975062,4,13,Friday,13,35.204775,-89.86149
300975571,3,11,Friday,11,35.20051,-89.839383
300975571,3,11,Friday,11,35.20051,-89.839383
300975572,2,8,Thursday,8,35.216935,-89.836245
300975573,4,14,Friday,14,35.204647,-89.856245
300975574,1,14,Monday,14,35.229069,-89.810372
300975574,1,14,Monday,14,35.229069,-89.810372
300975575,4,0,Saturday,0,35.204794,-89.864224
300975576,5,15,Saturday,15,35.256145,-89.857456
300975577,2,15,Monday,15,35.205447,-89.834485
300975577,2,15,Monday,15,35.205447,-89.834485
300975578,1,16,Friday,16,35.228702,-89.810813
300975578,1,16,Friday,16,35.228702,-89.810813
300975579,2,16,Friday,16,35.214637,-89.825406
300975580,6,19,Sunday,19,35.262242,-89.815695
300975581,2,13,Saturday,13,35.208287,-89.839765
300975706,1,8,Tuesday,8,35.230547,-89.81628
300975709,1,5,Friday,5,35.234664,-89.811838
300975774,2,7,Tuesday,7,35.216957,-89.836313
300975869,4,8,Saturday,8,35.20446,-89.873784
300976063,4,16,Tuesday,16,35.221813,-89.862475
300976064,5,6,Thursday,6,35.241232,-89.844857
300976066,2,7,Wednesday,7,35.221242,-89.835874
